Date,Time,Depth (M),Temp (?C),pH,Cond (µg/cm),DO (mg/L),%DO,ORP,,,,,,,,
5/27/2020,845,0,14.02,8.58,604.9,8.89,102.5,198.1,,,,,,,,
,,0.5,13.93,8.58,606.5,8.92,102.6,201.4,,,,,,,,
,,1,13.84,8.56,606.6,8.93,102.5,205.3,,,,,,,,
,,1.5,13.81,8.49,607.1,8.9,102.1,211.3,,,,,,,,
,,2,13.73,8.3,607.9,8.9,102,224.7,,,,,,,,
,,2.5,13.73,8.2,607.9,8.87,101.6,231.7,,,,,,,,
,,3,13.69,8.05,608.4,8.84,101.2,241.5,,,,,,,,
,,4,13.52,7.93,603.2,8.69,99,246.1,,,,,,,,
,,5,13.33,7.98,609.4,8.61,97.6,243.6,,,,,,,,
,,6,13,8.09,609.1,8.49,95.6,235.4,,,,,,,,
,,7,12.69,8.27,608.3,8.41,94.1,228.1,,,,,,,,
,,8,12.61,8.37,608.9,8.39,93.7,223.1,,,,,,,,
,,9,12.45,8.45,613.5,8.28,92.1,220,,,,,,,,
,,10,12.25,8.43,614.1,7.67,84.8,219.3,,,,,,,,
,,,,,,,,,,,,,,,,
6/24/2020,850,0,21.73,8.68,549.4,8.74,118.2,215.4,,,,,,,,
,,0.5,21.73,8.68,549.3,8.73,118.2,215.4,,,,,,,,
,,1,20.42,8.71,540.9,9.44,124.8,216,,,,,,,,
,,1.5,19.32,8.71,531.3,9.82,126.7,217.1,,,,,,,,
,,2,18.99,8.69,529.1,9.65,123.6,218.6,,,,,,,,
,,2.5,18.81,8.68,529.8,9.5,121.3,219.9,,,,,,,,
,,3,18.67,8.65,530.2,9.37,119.4,222,,,,,,,,
,,4,18.37,8.52,526.7,8.98,113.4,227.4,,,,,,,,
,,5,18.04,8.29,528.5,8.54,107,240.4,,,,,,,,
,,6,17.82,8.17,528.5,8.23,102.9,245.3,,,,,,,,
,,7,17.5,8.14,520.5,7.99,99.3,245.2,,,,,,,,
,,8,17.14,8.19,514.9,7.45,91.8,236.5,,,,,,,,
,,9,17.07,8.43,518.5,7.41,91.3,227.1,,,,,,,,
,,10,16.95,8.46,521.4,7.24,88.9,225.5,,,,,,,,
,,11,16.94,8.48,525,7.14,87.7,224,,,,,,,,
,,12,16.65,8.45,532.2,6.61,81.2,202.1,,,,,,,,
,,,,,,,,,,,,,,,,
7/15/2020,845,0,20.25,8.65,674.7,8.3,108.76,95.3,,,,,,,,
,,0.5,20.27,8.64,677.96,8.3,108.7,95.6,,,,,,,,
,,1,20.26,8.64,679.8,8.29,108.6,96,,,,,,,,
,,1.5,20.23,8.64,680.92,8.28,108.5,96.5,,,,,,,,
,,2,20.21,8.63,681.8,8.29,108.4,100.7,,,,,,,,
,,2.5,20.21,8.63,681.25,8.27,108.28,98.1,,,,,,,,
,,3,20.21,8.62,682.6,8.25,108.02,99.6,,,,,,,,
,,4,20.19,8.56,683.8,8.24,107.8,103.6,,,,,,,,
,,5,20.19,8.5,685.34,8.24,107.9,113.5,,,,,,,,
,,6,20.18,8.24,686.37,8.25,108.05,127.5,,,,,,,,
,,7,20.18,8.22,687.49,8.27,108.3,122.9,,,,,,,,
,,8,20.17,8.34,688.17,8.29,108.48,112.7,,,,,,,,
,,9,20.16,8.59,689.13,8.33,109.07,105,,,,,,,,
,,10,20.15,8.65,691.65,8.27,108.08,102,,,,,,,,
,,11,19.89,8.64,694.6,8.04,104.76,101.6,,,,,,,,
,,12,19.72,8.67,696.9,7.82,101.31,99.4,,,,,,,,
,,12.5,19.1,8.62,700.08,7.23,93.26,99.2,,,,,,,,
,,,,,,,,,,,,,,,,
8/26/2020,910,0,22.46,8.94,642.8,7.73,106.38,67.2,,,,,,,,
,,0.5,22.52,8.94,642.1,7.71,106.28,68.4,,,,,,,,
,,1,22.56,8.93,642.56,7.71,106.23,76.4,,,,,,,,
,,1.5,22.54,8.93,642.2,7.71,106.22,79.7,,,,,,,,
,,2,22.55,8.93,642.21,7.71,106.23,82.2,,,,,,,,
,,2.5,22.53,8.93,642.33,7.7,106.02,84.7,,,,,,,,
,,3,22.52,8.92,642.5,7.69,105.96,89.5,,,,,,,,
,,4,22.49,8.89,642.57,7.68,105.7,92.7,,,,,,,,
,,5,22.42,8.82,642.8,7.58,104.1,99.1,,,,,,,,
,,6,22.37,8.78,642.97,7.44,102.01,104.4,,,,,,,,
,,7,22.25,8.6,643.1,7.11,97.36,115.5,,,,,,,,
,,8,22.09,8.52,643.81,6.85,93.46,120.1,,,,,,,,
,,9,21.96,8.49,644.06,6.68,91.14,119.9,,,,,,,,
,,10,21.71,8.42,644.78,5.48,72.78,116.1,,,,,,,,
,,11,21.43,8.46,646.35,4.71,63.08,107.4,,,,,,,,
,,12,21.2,8.52,647.35,3.69,49.12,100.8,,,,,,,,
,,,,,,,,,,,,,,,,
9/22/2020,850,0,17.23,8.96,522.4,7.54,92.74,70.2,,,,,,,,
,,0.5,17.3,8.83,521.9,7.51,92.59,78.8,,,,,,,,
,,1,17.27,8.72,521.6,7.51,92.59,85.2,,,,,,,,
,,1.5,17.26,8.58,522,7.48,92.03,94,,,,,,,,
,,2,17.3,8.49,521.5,7.47,92.06,100.4,,,,,,,,
,,2.5,17.29,8.42,521.2,7.46,92,104,,,,,,,,
,,3,17.28,8.42,522.2,7.47,92.12,105.5,,,,,,,,
,,4,17.29,8.32,522.3,7.47,91.95,112.8,,,,,,,,
,,5,17.28,8.24,522.3,7.42,91.23,116.3,,,,,,,,
,,6,17.28,8.21,522.4,7.44,91.59,117.9,,,,,,,,
,,7,17.27,8.3,522.33,7.36,90.62,111.7,,,,,,,,
,,8,17.27,8.39,522.32,7.33,90.29,107.4,,,,,,,,
,,9,17.24,8.45,522.44,7.15,88.07,104.5,,,,,,,,
,,10,17.23,8.49,522.56,7.08,87.05,102.1,,,,,,,,
,,11,17.2,8.54,522.59,7.04,86.83,100.7,,,,,,,,
,,12,16.87,8.63,532.08,6.77,82.23,94,,,,,,,,
,,,,,,,,,,,,,,,,
10/13/2020,845,0,14.21,8.92,456.11,8.86,102.4,102.2,,,,,,,,
,,0.5,14.25,8.96,541.26,8.79,101.55,102.1,,,,,,,,
,,1,14.24,8.97,541.49,8.77,101.3,104,,,,,,,,
,,1.5,14.24,8.96,541.56,8.74,101.08,106.1,,,,,,,,
,,2,14.25,8.94,541.27,8.74,101.07,108.3,,,,,,,,
,,2.5,14.24,8.9,541.35,8.74,101.06,111.7,,,,,,,,
,,3,14.25,8.81,541.47,8.74,101.05,118.5,,,,,,,,
,,4,14.24,8.65,541.37,8.74,101.06,129.8,,,,,,,,
,,5,14.22,8.55,541.49,8.75,101.13,135.4,,,,,,,,
,,6,14.23,8.55,541.41,8.76,101.23,135.4,,,,,,,,
,,7,14.22,8.59,541.49,8.74,100.96,134.2,,,,,,,,
,,8,14.21,8.62,541.35,8.74,101,133.2,,,,,,,,
,,9,14.2,8.66,541.31,8.75,101.01,131.3,,,,,,,,
,,10,13.97,8.71,540.33,8.73,100.38,129.7,,,,,,,,
,,11,13.89,8.75,540.35,8.73,100.07,128,,,,,,,,
,,,,,,,,,,,,,,,,
5/18/2021,,0,14.56,8.6,590.61,9.6,112.15,146.2,,,,,,,,
,,0.5,13.78,8.6,595.26,9.6,111.81,142.9,,,,,,,,
,,1,13.48,8.6,596.4,10.1,115.56,147.8,,,,,,,,
,,1.5,13.3,8.4,597.74,10.1,115.95,162.4,,,,,,,,
,,2,13.1,8.4,595.63,10.2,115.4,165.7,,,,,,,,
,,2.5,12.6,8.3,595.97,10.4,116.9,169.6,,,,,,,,
,,3,12.4,8.3,595.99,10.5,117.3,172.7,,,,,,,,
,,4,12,8.4,596.16,10.5,117.1,171.8,,,,,,,,
,,5,11.8,8.5,596.58,10.6,116.8,167.2,,,,,,,,
,,6,11.35,8.7,594.5,10.5,115.1,158.5,,,,,,,,
,,7,11.03,8.8,595.06,10.5,113.8,155.9,,,,,,,,
,,8,10.3,8.8,593.26,10.2,195.1,154.1,,,,,,,,
,,9,9.8,8.8,594.87,10.1,106.6,152.5,,,,,,,,
,,10,9.7,8.9,594.89,9.8,102.9,151,,,,,,,,
,,11,9.5,8.9,594.7,9.6,100.4,149,,,,,,,,
,,,,,,,,,,,,,,,,
6/22/2021,1222,13.320641,15.92075,8.548111,546.0345,6.287149,75.93881,-33.79557,,,,,,,,
,,13.344861,15.91569,8.549954,546.2274,6.275712,75.79321,-33.81107,,,,,,,,
,,13.345971,15.91527,8.550049,546.2414,6.275039,75.78442,-33.81302,,,,,,,,
,,13.347081,15.91484,8.550143,546.2554,6.274366,75.77563,-33.81497,,,,,,,,
,,13.131261,15.90659,8.551294,546.3525,6.266577,75.66898,-33.83517,,,,,,,,
,,13.121141,15.90609,8.551387,546.361,6.265967,75.66084,-33.83647,,,,,,,,
,,13.111011,15.90558,8.551479,546.3695,6.265357,75.65271,-33.83776,,,,,,,,
,,13.100881,15.90507,8.551572,546.378,6.264747,75.64458,-33.83905,,,,,,,,
,,12.341671,15.89676,8.52511,546.8013,6.268997,76.22535,-32.27968,,,,,,,,
,,12.300911,15.89618,8.523873,546.8237,6.269028,76.25071,-32.20574,,,,,,,,
,,12.260151,15.89561,8.522636,546.8461,6.269059,76.27608,-32.1318,,,,,,,,
,,11.683801,16.18738,8.532701,544.3281,6.326486,76.92281,-31.10696,,,,,,,,
,,11.641101,16.20093,8.532639,544.2184,6.329262,76.96488,-31.02708,,,,,,,,
,,11.598391,16.21447,8.532576,544.1088,6.332038,77.00696,-30.9472,,,,,,,,
,,10.956301,16.54857,8.5408,540.0825,6.424934,78.67721,-29.17188,,,,,,,,
,,10.913601,16.57048,8.541386,539.8373,6.430581,78.77165,-29.06485,,,,,,,,
,,10.870891,16.59239,8.541972,539.5921,6.436227,78.8661,-28.95781,,,,,,,,
,,10.828191,16.6143,8.542558,539.3469,6.441874,78.96054,-28.85078,,,,,,,,
,,10.368871,16.72966,8.53477,538.6589,6.592258,81.01006,-28.23583,,,,,,,,
,,10.333861,16.74207,8.534579,538.542,6.601199,81.1405,-28.16957,,,,,,,,
,,10.298861,16.75449,8.534388,538.425,6.61014,81.27094,-28.10331,,,,,,,,
,,10.263851,16.76691,8.534197,538.3082,6.619081,81.40137,-28.03704,,,,,,,,
,,9.808201,16.77887,8.520429,537.5224,6.683761,82.21861,-26.71381,,,,,,,,
,,9.777421,16.78225,8.519665,537.4672,6.689834,82.29899,-26.63914,,,,,,,,
,,9.746641,16.78562,8.518901,537.4119,6.695907,82.37936,-26.56447,,,,,,,,
,,9.284102,16.87066,8.504764,535.8151,6.808576,83.91665,-25.55159,,,,,,,,
,,9.253788,16.87502,8.50386,535.7248,6.815076,84.00434,-25.47911,,,,,,,,
,,9.223472,16.87938,8.502955,535.6346,6.821577,84.09203,-25.40663,,,,,,,,
,,9.193156,16.88374,8.50205,535.5443,6.828077,84.17972,-25.33415,,,,,,,,
,,8.634255,17.05938,8.48265,533.6305,6.915541,85.57525,-24.15009,,,,,,,,
,,8.600442,17.06876,8.481517,533.5151,6.921628,85.66711,-24.07769,,,,,,,,
,,8.566631,17.07813,8.480385,533.3997,6.927714,85.75897,-24.00528,,,,,,,,
,,8.532818,17.0875,8.479252,533.2843,6.933801,85.85083,-23.93287,,,,,,,,
,,7.9783,17.28886,8.448022,527.803,6.991393,86.93079,-22.40723,,,,,,,,
,,7.94293,17.30108,8.446267,527.5237,6.995671,87.00587,-22.31663,,,,,,,,
,,7.907558,17.3133,8.444512,527.2444,6.999949,87.08095,-22.22604,,,,,,,,
,,7.736139,17.40458,8.432878,522.9178,7.036017,87.69666,-21.37723,,,,,,,,
,,7.718077,17.41242,8.431777,522.6221,7.038742,87.74479,-21.31067,,,,,,,,
,,7.700017,17.42025,8.430676,522.3264,7.041466,87.79292,-21.24412,,,,,,,,
,,7.681956,17.42808,8.429575,522.0306,7.044191,87.84105,-21.17756,,,,,,,,
,,7.056519,17.51908,8.397891,520.0617,7.089097,88.5677,-19.61481,,,,,,,,
,,7.024436,17.52503,8.396211,519.8886,7.091854,88.61298,-19.52677,,,,,,,,
,,6.992353,17.53099,8.39453,519.7156,7.094612,88.65826,-19.43872,,,,,,,,
,,6.553194,17.63988,8.367147,509.2927,7.093205,88.84145,-18.40205,,,,,,,,
,,6.521229,17.64659,8.365295,508.7813,7.094007,88.8638,-18.32496,,,,,,,,
,,6.489265,17.65331,8.363442,508.2699,7.094809,88.88615,-18.24786,,,,,,,,
,,6.4573,17.66002,8.361589,507.7584,7.09561,88.90851,-18.17077,,,,,,,,
,,5.735333,17.87822,8.330338,504.6787,7.074789,89.04988,-16.59933,,,,,,,,
,,5.693637,17.89034,8.328376,504.3423,7.073823,89.06013,-16.50697,,,,,,,,
,,5.651941,17.90245,8.326413,504.0058,7.072859,89.07039,-16.41461,,,,,,,,
,,4.983024,18.06494,8.308978,502.4669,7.058753,89.19359,-14.90549,,,,,,,,
,,4.938176,18.07662,8.307579,502.3412,7.057715,89.20213,-14.80536,,,,,,,,
,,4.893327,18.08829,8.30618,502.2156,7.056677,89.21067,-14.70523,,,,,,,,
,,4.848478,18.09997,8.304782,502.0899,7.055639,89.21921,-14.60511,,,,,,,,
,,4.584246,18.22581,8.283863,501.494,7.06389,89.55557,-13.42086,,,,,,,,
,,4.558864,18.23486,8.282545,501.4363,7.064,89.57368,-13.33614,,,,,,,,
,,4.533481,18.24391,8.281227,501.3787,7.064109,89.59179,-13.25142,,,,,,,,
,,4.508099,18.25296,8.279909,501.321,7.064219,89.6099,-13.1667,,,,,,,,
,,4.035359,18.29415,8.262733,499.9965,7.06862,89.74197,-11.85838,,,,,,,,
,,4.008218,18.29871,8.26152,499.9234,7.068971,89.75483,-11.77439,,,,,,,,
,,3.981077,18.30326,8.260308,499.8504,7.069322,89.76768,-11.6904,,,,,,,,
,,3.201298,18.38101,8.228259,498.3875,7.080239,90.05239,-9.959167,,,,,,,,
,,3.155648,18.38556,8.226421,498.2936,7.080832,90.06844,-9.85262,,,,,,,,
,,3.109999,18.39011,8.224583,498.1997,7.081424,90.08447,-9.746074,,,,,,,,
,,3.064349,18.39466,8.222745,498.1058,7.082017,90.10052,-9.639527,,,,,,,,
,,2.223372,18.92006,8.208474,506.509,7.12254,91.60048,-8.517038,,,,,,,,
,,2.168464,18.94598,8.207154,506.8672,7.124638,91.67573,-8.429271,,,,,,,,
,,2.113555,18.97189,8.205834,507.2255,7.126736,91.75098,-8.341504,,,,,,,,
,,1.746592,19.26776,8.190965,517.9064,7.172535,92.90574,-6.393005,,,,,,,,
,,1.712447,19.29178,8.189972,518.5615,7.175448,92.98862,-6.279626,,,,,,,,
,,1.678301,19.3158,8.188978,519.2165,7.178361,93.07149,-6.166246,,,,,,,,
,,1.644155,19.33982,8.187985,519.8715,7.181273,93.15437,-6.052867,,,,,,,,
,,0.680919,19.41332,8.164363,523.829,7.235903,94.00471,-3.895889,,,,,,,,
,,0.628333,19.4231,8.162961,524.229,7.239357,94.06813,-3.756876,,,,,,,,
,,0.575748,19.43288,8.161559,524.629,7.242812,94.13156,-3.617864,,,,,,,,
,,0.2413443,19.6047,8.139977,531.4279,7.363654,96.0405,-1.742487,,,,,,,,
,,0.2066499,19.61442,8.138513,531.8264,7.370306,96.14598,-1.612902,,,,,,,,
,,0.1719556,19.62414,8.137048,532.2247,7.376957,96.25145,-1.483317,,,,,,,,
,,0.1372612,19.63386,8.135583,532.6232,7.383609,96.35692,-1.353732,,,,,,,,
,,0.0132705,19.99312,8.14607,536.5245,7.470017,98.19751,-1.279645,,,,,,,,
,,-5E-07,20.0131,8.146102,536.8427,7.476403,98.3203,-1.237022,,,,,,,,
,,,,,,,,,,,,,,,,
7/21/2021,937,13.578847,17.27932,8.222679,523.7308,3.626575,44.78874,19.18983,,,,,,,,
,,13.579067,17.27922,8.222589,523.7341,3.626319,44.78551,19.18153,,,,,,,,
,,13.497157,17.27728,8.224417,523.6815,3.621577,44.72371,19.17628,,,,,,,,
,,13.493297,17.27723,8.224477,523.6821,3.621268,44.71978,19.17346,,,,,,,,
,,13.489427,17.27718,8.224537,523.6828,3.620959,44.71585,19.17065,,,,,,,,
,,13.485567,17.27713,8.224596,523.6835,3.62065,44.71192,19.16783,,,,,,,,
,,13.204217,17.27071,8.219326,523.4828,3.621246,44.7137,19.3547,,,,,,,,
,,13.189307,17.27037,8.219117,523.4724,3.62117,44.71244,19.36322,,,,,,,,
,,13.174407,17.27003,8.218907,523.462,3.621094,44.71117,19.37175,,,,,,,,
,,12.635947,17.26982,8.192441,523.8055,3.620477,44.70346,20.64316,,,,,,,,
,,12.605217,17.26969,8.191102,523.8176,3.620454,44.70306,20.70614,,,,,,,,
,,12.574477,17.26955,8.189763,523.8297,3.620432,44.70267,20.76913,,,,,,,,
,,12.543747,17.26941,8.188425,523.8419,3.620409,44.70227,20.83211,,,,,,,,
,,11.960327,17.26296,8.162591,523.8588,3.624703,44.74917,22.40219,,,,,,,,
,,11.922397,17.26265,8.160868,523.8662,3.624889,44.75117,22.50023,,,,,,,,
,,11.884467,17.26234,8.159143,523.8736,3.625075,44.75318,22.59826,,,,,,,,
,,11.387097,17.55858,8.1542,520.0682,3.646204,45.2955,23.00487,,,,,,,,
,,11.351717,17.57269,8.153456,519.8856,3.647302,45.32246,23.05499,,,,,,,,
,,11.316337,17.58681,8.152713,519.7031,3.6484,45.34943,23.10512,,,,,,,,
,,11.087067,18.06035,8.161805,515.6223,3.729222,46.81191,23.30419,,,,,,,,
,,11.066217,18.0889,8.162142,515.3515,3.733513,46.89272,23.32183,,,,,,,,
,,11.045357,18.11745,8.162477,515.0807,3.737804,46.97353,23.33946,,,,,,,,
,,11.024507,18.14601,8.162814,514.81,3.742094,47.05433,23.3571,,,,,,,,
,,10.553707,18.35644,8.163024,510.4928,3.789575,47.85965,24.37551,,,,,,,,
,,10.526517,18.37602,8.163212,510.2047,3.793451,47.92731,24.4281,,,,,,,,
,,10.499327,18.3956,8.163399,509.9166,3.797328,47.99498,24.48069,,,,,,,,
,,10.020757,18.65843,8.152297,507.2884,3.919448,49.81004,25.67864,,,,,,,,
,,9.988517,18.67521,8.15177,507.0771,3.926218,49.91269,25.75591,,,,,,,,
,,9.956287,18.69198,8.151242,506.8658,3.932989,50.01535,25.83318,,,,,,,,
,,9.924047,18.70876,8.150714,506.6545,3.939759,50.11801,25.91046,,,,,,,,
,,9.651867,19.01641,8.142521,505.1595,4.040882,51.73072,26.31661,,,,,,,,
,,9.629127,19.03637,8.141912,505.0333,4.048142,51.84389,26.36044,,,,,,,,
,,9.606377,19.05633,8.141303,504.9072,4.055402,51.95706,26.40427,,,,,,,,
,,9.053937,19.17774,8.15745,501.8167,4.112004,53.82399,27.06232,,,,,,,,
,,9.022357,19.18964,8.158045,501.6399,4.116698,53.94414,27.10188,,,,,,,,
,,8.990767,19.20153,8.15864,501.4631,4.121392,54.06429,27.14143,,,,,,,,
,,8.959167,19.21342,8.159234,501.2863,4.126086,54.18443,27.18098,,,,,,,,
,,8.333287,19.62521,8.18679,497.0264,4.241892,55.10015,28.16338,,,,,,,,
,,8.292987,19.64702,8.188383,496.7657,4.248488,55.18103,28.22255,,,,,,,,
,,8.252697,19.66883,8.189977,496.505,4.255083,55.26191,28.28173,,,,,,,,
,,7.743287,19.9515,8.192115,494.8203,4.453398,58.14247,29.66679,,,,,,,,
,,7.706327,19.97326,8.192743,494.656,4.465327,58.30138,29.75334,,,,,,,,
,,7.669377,19.99503,8.193371,494.4917,4.477256,58.46029,29.83988,,,,,,,,
,,7.352857,20.22762,8.249458,494.8957,4.713843,62.15805,29.96882,,,,,,,,
,,7.327377,20.24447,8.252213,494.8822,4.729269,62.39512,30.00274,,,,,,,,
,,7.301897,20.26132,8.254969,494.8687,4.744695,62.63219,30.03665,,,,,,,,
,,7.276427,20.27818,8.257724,494.8551,4.76012,62.86926,30.07056,,,,,,,,
,,6.649017,21.01443,8.351152,492.1376,4.89678,65.29842,30.54472,,,,,,,,
,,6.612147,21.0547,8.356779,492.014,4.908249,65.49161,30.57093,,,,,,,,
,,6.575277,21.09497,8.362407,491.8904,4.919717,65.6848,30.59715,,,,,,,,
,,6.003877,21.46334,8.38,489.949,5.288795,71.12976,31.73342,,,,,,,,
,,5.963817,21.4958,8.382721,489.8014,5.309231,71.43957,31.79762,,,,,,,,
,,5.923767,21.52827,8.385442,489.6537,5.329668,71.74937,31.86183,,,,,,,,
,,5.883717,21.56073,8.388163,489.5061,5.350104,72.05917,31.92603,,,,,,,,
,,5.547927,21.67657,8.393256,489.2088,5.793576,78.22532,32.77102,,,,,,,,
,,5.520127,21.69003,8.39393,489.1537,5.821965,78.62682,32.83396,,,,,,,,
,,5.492317,21.7035,8.394605,489.0985,5.850353,79.02831,32.8969,,,,,,,,
,,4.897317,21.75473,8.382651,488.7595,6.035815,81.6172,34.4705,,,,,,,,
,,4.861997,21.75983,8.382224,488.7359,6.053446,81.86313,34.56247,,,,,,,,
,,4.826677,21.76494,8.381798,488.7122,6.071076,82.10906,34.65445,,,,,,,,
,,4.177307,21.95481,8.370496,489.1179,6.37293,86.51984,36.1302,,,,,,,,
,,4.133597,21.96529,8.369706,489.1316,6.391484,86.78873,36.23368,,,,,,,,
,,4.089887,21.97578,8.368917,489.1452,6.410038,87.05762,36.33717,,,,,,,,
,,4.046177,21.98626,8.368128,489.1588,6.428592,87.32652,36.44065,,,,,,,,
,,3.787067,22.19333,8.358427,488.3719,6.629916,90.42409,37.43346,,,,,,,,
,,3.760827,22.20727,8.357722,488.3429,6.645979,90.66624,37.51239,,,,,,,,
,,3.734587,22.22121,8.357018,488.314,6.662044,90.90839,37.59132,,,,,,,,
,,3.166367,22.29184,8.335,488.0611,6.761138,93.67902,38.89718,,,,,,,,
,,3.133477,22.29943,8.333743,488.0336,6.770076,93.87617,38.98067,,,,,,,,
,,3.100577,22.30702,8.332485,488.006,6.779014,94.07333,39.06415,,,,,,,,
,,3.067687,22.31461,8.331227,487.9784,6.787952,94.27048,39.14764,,,,,,,,
,,2.363847,22.45094,8.297772,487.3972,6.940845,95.29089,42.31712,,,,,,,,
,,2.318767,22.45899,8.295737,487.3643,6.950275,95.39845,42.49419,,,,,,,,
,,2.273687,22.46704,8.293702,487.3313,6.959707,95.50601,42.67126,,,,,,,,
,,1.601837,22.49324,8.279279,488.1995,7.088896,97.29797,43.00438,,,,,,,,
,,1.555407,22.49729,8.277917,488.2294,7.098225,97.40645,43.08348,,,,,,,,
,,1.508977,22.50133,8.276555,488.2593,7.107554,97.51493,43.1626,,,,,,,,
,,1.462547,22.50537,8.275192,488.2892,7.116883,97.62341,43.24171,,,,,,,,
,,1.193267,22.51069,8.246232,488.2965,7.208844,98.95844,44.98317,,,,,,,,
,,1.166027,22.51162,8.244551,488.3143,7.215969,99.05939,45.07421,,,,,,,,
,,1.138787,22.51254,8.242868,488.3322,7.223094,99.16035,45.16524,,,,,,,,
,,0.583002,22.63792,8.223143,489.5061,7.267139,99.97538,46.52443,,,,,,,,
,,0.550858,22.64396,8.221624,489.5616,7.271186,100.0417,46.62394,,,,,,,,
,,0.518715,22.65001,8.220105,489.617,7.275233,100.1081,46.72345,,,,,,,,
,,0,22.81218,8.206937,490.3924,7.348728,101.4392,49.18554,,,,,,,,
,,,,,,,,,,,,,,,,
8/11/2021,913,12.672075,19.33376,7.931287,505.072,3.404783,43.93718,55.03934,,,,,,,,
,,12.660325,19.34759,7.929994,505.0445,3.357803,43.35117,55.11997,,,,,,,,
,,12.659125,19.34663,7.929694,505.0648,3.352394,43.28685,55.13228,,,,,,,,
,,12.416525,19.34524,7.925192,505.0111,3.335424,42.88273,55.1027,,,,,,,,
,,12.393155,19.34573,7.924726,505.004,3.332099,42.82301,55.10276,,,,,,,,
,,11.722755,19.33393,7.91586,505.3487,3.309444,42.70642,55.87198,,,,,,,,
,,11.150125,19.50377,7.925821,503.4076,3.341629,43.27737,55.55491,,,,,,,,
,,11.072265,19.51984,7.92649,503.2313,3.343968,43.32885,55.55036,,,,,,,,
,,10.782165,19.64637,7.967031,501.9308,3.421424,46.06277,55.52195,,,,,,,,
,,10.734375,19.6647,7.971247,501.7348,3.429983,46.34262,55.50624,,,,,,,,
,,10.237855,19.84418,8.025061,499.9082,3.687472,48.23862,55.38031,,,,,,,,
,,9.673645,20.2103,8.079141,496.729,3.981431,52.3772,54.98061,,,,,,,,
,,9.602225,20.25193,8.086145,496.3586,4.018549,52.8405,54.93718,,,,,,,,
,,9.287935,20.46838,8.173464,494.5934,4.421575,58.48759,54.61179,,,,,,,,
,,9.237905,20.50233,8.183659,494.31,4.470322,59.17434,54.56612,,,,,,,,
,,8.612995,20.70161,8.245965,492.5365,4.699259,62.36226,54.87371,,,,,,,,
,,8.090545,20.84425,8.275973,491.5959,5.158579,68.6478,55.5731,,,,,,,,
,,8.018985,20.86469,8.280869,491.4459,5.210458,69.3595,55.65166,,,,,,,,
,,7.730925,20.99629,8.313574,490.8032,5.638342,75.2544,56.10237,,,,,,,,
,,7.685385,21.01365,8.317652,490.711,5.695535,76.04065,56.17077,,,,,,,,
,,7.151805,21.03822,8.339315,490.3184,5.898383,78.7879,56.70125,,,,,,,,
,,6.666865,21.1041,8.349014,489.744,6.257109,83.68788,56.9971,,,,,,,,
,,6.601805,21.1112,8.35065,489.6754,6.29844,84.25156,57.04349,,,,,,,,
,,6.357365,21.16457,8.356703,489.3754,6.595376,88.31883,57.09802,,,,,,,,
,,6.317105,21.17201,8.357591,489.3264,6.636469,88.88123,57.11313,,,,,,,,
,,5.800765,21.17454,8.353021,489.1431,6.76395,90.59351,57.72392,,,,,,,,
,,5.267715,21.2055,8.348027,488.7687,6.941884,93.03381,58.43864,,,,,,,,
,,5.198305,21.20856,8.347379,488.7261,6.963283,93.32608,58.52923,,,,,,,,
,,4.929805,21.23508,8.337704,488.9723,7.102225,95.24031,58.95497,,,,,,,,
,,4.885255,21.23875,8.336601,488.982,7.121803,95.50971,59.02121,,,,,,,,
,,4.333485,21.23919,8.322732,488.6342,7.165483,96.09633,59.90956,,,,,,,,
,,3.711545,21.26284,8.313921,488.4612,7.251229,97.29201,60.84431,,,,,,,,
,,3.632795,21.26514,8.312619,488.4323,7.260909,97.42626,60.96452,,,,,,,,
,,3.330145,21.30748,8.295658,488.4227,7.331166,98.45422,61.37685,,,,,,,,
,,3.279515,21.31239,8.29375,488.4161,7.340904,98.59467,61.44875,,,,,,,,
,,2.751065,21.32272,8.273109,487.9697,7.378454,99.11946,62.86829,,,,,,,,
,,2.132405,21.33578,8.264563,488.3661,7.422508,99.73413,63.71819,,,,,,,,
,,2.054195,21.33734,8.263067,488.3904,7.427999,99.81067,63.84861,,,,,,,,
,,1.748455,21.34424,8.248639,487.9889,7.462573,100.2908,64.38956,,,,,,,,
,,1.697305,21.34535,8.246995,487.9666,7.467417,100.3581,64.46976,,,,,,,,
,,1.100595,21.35421,8.225791,487.7007,7.47781,100.5153,65.84135,,,,,,,,
,,0.480226,21.35508,8.205852,488.0447,7.505166,100.8839,67.04272,,,,,,,,
,,0.399899,21.35545,8.203219,488.0708,7.508145,100.9246,67.20531,,,,,,,,
,,0.054532,21.38221,8.19021,487.9125,7.531014,101.2854,68.0796,,,,,,,,
,,0,21.38478,8.188282,487.9109,7.53418,101.333,68.20438,,,,,,,,
,,,,,,,,,,,,,,,,
9/15/2021,908,12.914471,19.0403,8.678293,432.1943,7.28943,93.7753,-54.511,,,,,,,,
,,12.921021,19.03614,8.672445,432.2154,7.277533,93.61427,-54.56216,,,,,,,,
,,12.927091,18.97822,8.657659,432.4231,7.167522,92.09126,-54.46117,,,,,,,,
,,12.928511,18.97191,8.654566,432.4432,7.152892,91.8913,-54.46215,,,,,,,,
,,12.314151,18.94578,8.621312,432.7255,7.090848,91.04569,-55.07148,,,,,,,,
,,11.779371,19.03239,8.627643,432.3432,6.980556,89.78875,-55.28539,,,,,,,,
,,11.706101,19.04026,8.627188,432.3141,6.967776,89.63911,-55.32706,,,,,,,,
,,11.454811,19.05893,8.635507,432.1579,6.953536,89.48548,-54.65287,,,,,,,,
,,11.412271,19.06408,8.636642,432.1277,6.948245,89.42651,-54.59465,,,,,,,,
,,10.904351,19.07729,8.644172,432.0372,6.973708,89.77814,-53.24142,,,,,,,,
,,10.465171,19.09733,8.640052,431.9183,7.048552,90.78625,-51.54737,,,,,,,,
,,10.404981,19.09977,8.639876,431.9037,7.056813,90.89784,-51.33582,,,,,,,,
,,10.154371,19.10853,8.635774,432.0406,7.13515,91.92275,-50.2638,,,,,,,,
,,10.115181,19.11008,8.635201,432.0496,7.145433,92.05832,-50.10083,,,,,,,,
,,9.644271,19.10857,8.624516,431.9183,7.178508,92.48154,-49.02397,,,,,,,,
,,9.203191,19.12386,8.609254,431.8574,7.231684,93.19653,-47.37666,,,,,,,,
,,9.144141,19.12531,8.607391,431.8466,7.237914,93.27965,-47.17902,,,,,,,,
,,8.900241,19.14628,8.600184,431.7276,7.273585,93.77859,-46.21767,,,,,,,,
,,8.861541,19.14887,8.598947,431.7141,7.27889,93.85184,-46.06662,,,,,,,,
,,8.353941,19.1408,8.583225,431.7659,7.296371,94.06182,-44.72579,,,,,,,,
,,7.899111,19.14137,8.569969,431.7159,7.323766,94.41017,-43.24245,,,,,,,,
,,7.837461,19.14111,8.568141,431.713,7.327006,94.45087,-43.05217,,,,,,,,
,,7.593561,19.14777,8.559803,431.6939,7.357436,94.85861,-42.38776,,,,,,,,
,,7.554451,19.14844,8.558547,431.6902,7.361324,94.91006,-42.27206,,,,,,,,
,,7.087851,19.1459,8.543563,431.6246,7.361516,94.90795,-40.66557,,,,,,,,
,,6.650381,19.15336,8.53002,431.6479,7.376877,95.11856,-39.24392,,,,,,,,
,,6.592041,19.15399,8.528198,431.6479,7.378338,95.13845,-39.05098,,,,,,,,
,,6.336551,19.17403,8.517676,431.5328,7.389825,95.32341,-38.0364,,,,,,,,
,,6.297061,19.17624,8.516205,431.5228,7.391483,95.3488,-37.89054,,,,,,,,
,,5.710481,19.17241,8.500084,431.455,7.394234,95.37669,-36.5494,,,,,,,,
,,5.276551,19.17764,8.483332,431.4769,7.410085,95.59142,-35.01474,,,,,,,,
,,5.214391,19.17799,8.481153,431.4771,7.411728,95.61329,-34.81968,,,,,,,,
,,5.020591,19.19313,8.473856,431.2169,7.41889,95.73818,-33.86366,,,,,,,,
,,4.987361,19.19477,8.472574,431.1932,7.420158,95.75803,-33.71849,,,,,,,,
,,4.524231,19.17735,8.458917,431.4297,7.423708,95.76991,-32.57272,,,,,,,,
,,4.128561,19.18073,8.443158,431.421,7.422313,95.75751,-31.28141,,,,,,,,
,,4.074161,19.18045,8.44115,431.4286,7.422283,95.75647,-31.11683,,,,,,,,
,,3.910411,19.19183,8.435813,431.4286,7.433347,95.9225,-30.24394,,,,,,,,
,,3.881111,19.19309,8.434748,431.4278,7.434344,95.93788,-30.11505,,,,,,,,
,,3.537071,19.1906,8.424255,431.3044,7.425156,95.81449,-29.20683,,,,,,,,
,,3.215261,19.1773,8.413162,431.4442,7.451602,96.12869,-27.76738,,,,,,,,
,,3.172071,19.17587,8.411717,431.4539,7.45389,96.15531,-27.59583,,,,,,,,
,,3.022211,19.1851,8.40673,431.4666,7.46209,96.27923,-26.78165,,,,,,,,
,,2.996691,19.18549,8.405863,431.4733,7.463889,96.30316,-26.65214,,,,,,,,
,,2.683421,19.17365,8.394811,431.698,7.471078,96.3727,-26.03927,,,,,,,,
,,2.365831,19.16761,8.383379,431.6589,7.460028,96.22132,-25.05041,,,,,,,,
,,2.324091,19.16659,8.381884,431.6626,7.459168,96.20852,-24.93316,,,,,,,,
,,2.122631,19.17766,8.37492,431.4789,7.470048,96.36253,-24.16766,,,,,,,,
,,2.092381,19.17851,8.373858,431.4594,7.470641,96.37119,-24.05963,,,,,,,,
,,1.680301,19.17537,8.360244,431.828,7.4672,96.3205,-22.52504,,,,,,,,
,,1.289231,19.18197,8.347077,431.575,7.475535,96.4426,-21.46853,,,,,,,,
,,1.237101,19.18249,8.34533,431.5626,7.476211,96.45251,-21.31423,,,,,,,,
,,0.949837,19.17825,8.337385,431.5305,7.470552,96.36948,-20.57012,,,,,,,,
,,0.908746,19.17809,8.336167,431.517,7.470324,96.36612,-20.46343,,,,,,,,
,,0.474429,19.18649,8.319726,431.5135,7.481909,96.53197,-19.0595,,,,,,,,
,,0.05538,19.19109,8.306979,431.4869,7.48129,96.53685,-17.77535,,,,,,,,
,,0,19.19184,8.305185,431.4841,7.481628,96.54306,-17.60299,,,,,,,,
,,,,,,,,,,,,,,,,
10/5/2021,843,12.111337,16.04826,8.604104,498.385,7.870052,94.33704,-105.4701,,,,,,,,
,,12.137267,16.03748,8.569142,499.4167,7.706793,92.36191,-105.0827,,,,,,,,
,,12.147807,16.03739,8.565858,499.5276,7.688955,92.14826,-105.0715,,,,,,,,
,,12.055157,15.97045,8.561077,499.9522,7.436981,88.99701,-105.0435,,,,,,,,
,,12.046677,15.96363,8.559303,500.0306,7.407238,88.62727,-105.0248,,,,,,,,
,,11.637757,15.97046,8.548062,499.8271,7.284098,87.16638,-104.309,,,,,,,,
,,11.447287,16.03374,8.566024,497.9702,7.141227,85.57412,-103.973,,,,,,,,
,,11.415037,16.04035,8.567407,497.7802,7.123486,85.3741,-103.9158,,,,,,,,
,,11.101127,16.08398,8.60492,497.1624,7.148579,86.82571,-104.4145,,,,,,,,
,,11.064937,16.09054,8.6092,497.0337,7.145942,86.90832,-104.4509,,,,,,,,
,,10.731417,16.11077,8.629652,496.8733,7.335968,88.15855,-104.0219,,,,,,,,
,,10.570077,16.12911,8.63706,496.5088,7.526576,90.42181,-103.4974,,,,,,,,
,,10.543967,16.13152,8.638382,496.4678,7.551389,90.68166,-103.4306,,,,,,,,
,,10.217367,16.13493,8.638861,496.3187,7.642364,91.77826,-102.8599,,,,,,,,
,,10.181107,16.13587,8.639111,496.2915,7.657697,91.96421,-102.7866,,,,,,,,
,,9.844937,16.13736,8.636447,496.2513,7.794278,93.60655,-101.8545,,,,,,,,
,,9.678247,16.14829,8.630383,496.1947,7.909602,94.95753,-101.5393,,,,,,,,
,,9.651187,16.14942,8.629697,496.1879,7.925466,95.14476,-101.478,,,,,,,,
,,9.339167,16.13492,8.619611,496.2239,7.968483,95.68204,-100.4582,,,,,,,,
,,9.303957,16.13394,8.618423,496.2254,7.97658,95.77997,-100.3511,,,,,,,,
,,9.268737,16.13296,8.617236,496.2269,7.984676,95.87789,-100.2441,,,,,,,,
,,9.233527,16.13198,8.616049,496.2284,7.992772,95.97581,-100.137,,,,,,,,
,,9.198307,16.131,8.614861,496.2298,8.000869,96.07375,-100.03,,,,,,,,
,,8.186917,16.15233,8.612284,496.4474,8.054662,96.71811,-97.28857,,,,,,,,
,,8.097247,16.15321,8.611541,496.4644,8.061532,96.80128,-97.03772,,,,,,,,
,,8.191247,16.14199,8.588564,497.0088,8.135497,97.70184,-97.39361,,,,,,,,
,,7.734137,16.13173,8.571773,496.4091,8.168227,98.07983,-95.6561,,,,,,,,
,,7.690837,16.13073,8.570215,496.3477,8.171037,98.11204,-95.48939,,,,,,,,
,,7.320657,16.17538,8.55702,495.8365,8.195364,98.50181,-95.40469,,,,,,,,
,,7.271457,16.17936,8.555531,495.7561,8.197403,98.53475,-95.33841,,,,,,,,
,,7.110457,16.19801,8.552515,495.5138,8.218424,98.82563,-95.09645,,,,,,,,
,,6.699247,16.20695,8.543769,495.6126,8.228918,98.97073,-94.64259,,,,,,,,
,,6.653857,16.20835,8.542823,495.6151,8.230629,98.9942,-94.58883,,,,,,,,
,,6.288907,16.21275,8.533778,495.7198,8.24349,99.15821,-94.08955,,,,,,,,
,,6.239097,16.21345,8.532597,495.7343,8.24506,99.17858,-94.02538,,,,,,,,
,,6.033437,16.22257,8.526831,495.6505,8.260827,99.38557,-93.73293,,,,,,,,
,,5.691987,16.24225,8.518147,495.5563,8.248957,99.28416,-94.0578,,,,,,,,
,,5.651957,16.24449,8.517112,495.5441,8.248295,99.28086,-94.08074,,,,,,,,
,,5.296407,16.23558,8.509193,495.0641,8.258898,99.39257,-93.4922,,,,,,,,
,,5.250207,16.23545,8.508126,495.0149,8.259422,99.39889,-93.44917,,,,,,,,
,,5.072247,16.24979,8.502354,495.2173,8.254834,99.37321,-92.99724,,,,,,,,
,,4.681177,16.24265,8.4924,495.4005,8.261936,99.44358,-92.03333,,,,,,,,
,,4.637227,16.24245,8.491238,495.4263,8.262452,99.44934,-91.92471,,,,,,,,
,,4.330817,16.24896,8.48509,495.5569,8.256901,99.39944,-91.0828,,,,,,,,
,,4.287367,16.24929,8.484144,495.576,8.256645,99.39736,-90.96735,,,,,,,,
,,4.078117,16.25747,8.479042,495.1649,8.257224,99.41847,-90.48801,,,,,,,,
,,3.750217,16.25369,8.469874,495.1978,8.263124,99.48122,-89.58938,,,,,,,,
,,3.711477,16.25357,8.468812,495.1871,8.263737,99.48821,-89.48645,,,,,,,,
,,3.351007,16.27062,8.460753,495.2064,8.270425,99.60403,-89.05824,,,,,,,,
,,3.304967,16.27209,8.459657,495.2103,8.271283,99.61739,-88.98526,,,,,,,,
,,3.127297,16.25869,8.45317,495.1769,8.281108,99.70834,-88.46268,,,,,,,,
,,2.785967,16.27001,8.446742,495.2076,8.285631,99.78688,-87.69512,,,,,,,,
,,2.746957,16.27063,8.445903,495.2095,8.286396,99.79746,-87.60238,,,,,,,,
,,2.364737,16.2807,8.435418,495.2925,8.268297,99.60195,-86.73118,,,,,,,,
,,2.316117,16.28211,8.434198,495.3016,8.266728,99.58614,-86.62085,,,,,,,,
,,2.122947,16.26688,8.426546,495.6092,8.282899,99.74763,-86.53577,,,,,,,,
,,1.787117,16.25205,8.415685,497.1179,8.2899,99.80074,-85.43275,,,,,,,,
,,1.748207,16.25006,8.414378,497.2768,8.291175,99.81187,-85.3227,,,,,,,,
,,1.331107,16.25178,8.406224,495.7568,8.303246,99.95835,-84.67664,,,,,,,,
,,1.279247,16.25141,8.405058,495.668,8.304634,99.97405,-84.574,,,,,,,,
,,1.072877,16.28462,8.396248,495.0828,8.292087,99.89554,-83.83305,,,,,,,,
,,0.578426,16.28121,8.383798,495.21,8.290589,99.87022,-82.31758,,,,,,,,
,,0.523469,16.28197,8.382286,495.207,8.289999,99.86481,-82.1441,,,,,,,,
,,0.06206,16.28771,8.37703,495.328,8.288406,99.85696,-81.38665,,,,,,,,
,,0,16.28806,8.376081,495.3462,8.28822,99.85537,-81.25911,,,,,,,,
