Station,Date,Depth (m),Time,Temp (°C),pH,Cond (µS/cm),D.O. (mg/L,D.O. (%),ORP,,
Boysen Reservoir - RPD,,,,,,,,,,,
,6/12/2013,0,6:55,18.25,8.27,441.3,7.51,95.2,286,,
,,0.5,6:55,18.29,8.26,440.3,7.5,95.1,287,,
,,1,6:55,18.31,8.26,440.1,7.49,95,290,,
,,1.5,6:55,18.3,8.26,439.7,7.49,94.8,291,,
,,2,6:55,18.3,8.26,440.1,7.5,94.8,291,,
,,2.5,6:55,18.3,8.26,442.7,7.49,95.1,292,,
,,3,6:55,18.3,8.26,442.1,7.49,94.9,293,,
,,4,6:55,17.23,8.41,583.1,8.32,103.1,295,,
,,5,6:55,16.71,8.41,610.5,8.56,105.1,296,,
,,6,6:55,16.68,8.4,609,8.52,104.4,296,,
,,7,6:55,16.32,8.35,612,8.2,99.5,297,,
,,8,6:55,16.01,8.33,622.4,7.98,96.2,298,,
,,9,6:55,15.46,8.27,630.5,7.59,89.6,299,,
,,10,6:55,14.92,8.16,631.9,6.73,79,301,,
,,,,,,,,,,,
,7/17/2013,0,8:30,23.66,8.57,593,7.11,99.8,378,,
,,0.5,8:31,23.66,8.54,593,7.09,99.6,378,,
,,1,8:32,23.66,8.53,592.9,7.1,99.5,378,,
,,1.5,8:33,23.65,8.53,592.5,7.07,99.1,376,,
,,2,8:34,23.65,8.53,592.9,7.06,99,375,,
,,2.5,8:34,23.62,8.52,591.5,7.03,98.4,374,,
,,3,8:35,23.6,8.5,590.4,6.98,97.8,373,,
,,4,8:37,23.54,8.49,588.9,6.86,96.1,372,,
,,5,8:37,23.51,8.48,586,6.84,95.7,372,,
,,6,8:38,23.45,8.47,582.2,6.81,95.2,371,,
,,7,8:39,23.35,8.44,579.7,6.72,93.5,372,,
,,8,8:39,23.24,8.41,576.5,6.58,90.9,372,,
,,9,8:40,22.99,8.37,573.5,6.23,86,372,,
,,,,,,,,,,,
,9/18/2013,0,7:32,19.57,8.19,657.3,7.21,94.8,377,,
,,0.5,7:32,19.6,8.17,657,7.14,93.9,379,,
,,1,7:33,19.61,8.17,656.9,7.1,93.7,380,,
,,1.5,7:33,19.61,8.17,657.1,7.11,93.7,381,,
,,2,7:34,19.62,8.17,657.1,7.11,93.7,382,,
,,2.5,7:34,19.63,8.17,657.1,7.12,93.7,382,,
,,3,7:35,19.61,8.17,657.3,7.11,93.7,382,,
,,4,7:36,19.62,8.17,657.1,7.12,93.7,383,,
,,5,7:36,19.63,8.16,657,7.13,93.9,383,,
,,6,7:37,19.63,8.15,657.6,7.08,93.1,383,,
,,7,7:38,19.53,8.11,660.7,6.74,88.6,384,,
,,8,7:39,18.38,7.8,707,4.81,60.7,388,,
,,,,,,,,,,,
,6/9/2014,0,9:20,16.5,7.96,349,7.3,88.1,332,,
,,0.5,,16.1,7.84,349.2,7.19,86.8,335,,
,,1,,16,7.91,348,7.23,86.9,336,,
,,1.5,,16,8.01,349,7.17,86.3,335,,
,,2,,15.9,7.98,351,7.19,86.4,336,,
,,2.5,,15.9,8,352,7.15,86.1,337,,
,,3,,15.9,7.97,353,7.18,86.2,337,,
,,4,,15.9,7.96,358,7.17,85.9,338,,
,,5,,15.8,7.96,380,7.13,85.5,339,,
,,6,,15.8,7.99,411,7.12,85.1,340,,
,,7,,15.7,8.02,425,6.92,82.6,340,,
,,8,,15.7,8.02,430,6.89,82.2,340,,
,,9,,15.7,8.04,431,6.86,82,340,,
,,10,,15.6,8.04,437,6.81,81.2,340,,
,,11,,15.6,8.05,456,6.79,80.8,340,,
,,12,,15.5,8.06,468,6.74,80.2,340,,
,,13,,15.4,8.09,512,6.54,77.6,341,,
,,14,,15.3,8.13,549,6.66,79.1,341,,
,,,,,,,,,,,
,7/14/2014,0,834,22.77,8.28,280.7,7.75,106.2,383,,
,,0.5,,22.79,8.27,280.7,7.67,105.4,385,,
,,1,,22.8,8.25,280.6,7.65,105.1,388,,
,,1.5,,22.8,8.23,280.5,7.68,105.5,390,,
,,2,,22.68,8.18,276.4,7.46,102.2,392,,
,,2.5,,22.09,8.06,251.4,7.04,92.4,394,,
,,3,,22,7.95,260.9,6.68,90.5,396,,
,,4,,21.91,7.97,281.6,6.77,91.6,397,,
,,5,,21.73,7.93,289.1,6.51,87.1,399,,
,,6,,21.41,7.93,325.5,6.2,82.8,400,,
,,7,,20.94,7.77,317.2,5.15,68.3,404,,
,,8,,20.05,7.8,370.3,5.65,73.8,404,,
,,9,,19.13,7.91,417.9,5.7,72.9,405,,
,,10,,18.61,7.96,436.8,5.8,73.5,405,,
,,11,,18.17,7.94,441,5.48,68,406,,
,,12,,17.86,7.88,453.8,4.71,59.8,406,,
,,13,,17.21,7.71,457.8,2.61,31.5,411,,
,,,,,,,,,,,
,9/8/2014,0,906,18.9,8.37,448,7.78,99.6,308,,
,,0.5,,18.9,8.32,448,7.74,99.5,311,,
,,1,,18.8,8.34,448,7.73,99.1,313,,
,,1.5,,18.9,8.34,448,7.74,99.2,316,,
,,2,,18.8,8.33,449,7.69,98.7,317,,
,,2.5,,18.9,8.33,447,7.7,98.9,318,,
,,3,,18.9,8.32,449,7.7,98.8,319,,
,,4,,18.9,8.31,448,7.69,98.8,321,,
,,5,,18.9,8.31,448,7.69,98.7,322,,
,,6,,18.9,8.31,450,7.67,98.3,323,,
,,7,,18.8,8.3,448,7.66,98.4,323,,
,,8,,18.8,8.3,448,7.68,98.6,324,,
,,9,,18.8,8.29,450,7.71,99,324,,
,,10,,18.8,8.29,453,7.7,98.5,325,,
,,11,,18.7,8.25,464,7.37,93.5,327,,
,,12,,18.2,8.14,483,6.19,77.6,329,,
,,,,,,,,,,,
,6/15/2015,0,853,19.2,7.99,282,7.01,89.7,397,,
,,0.5,,19.2,8.07,281,7,89.5,392,,
,,1,,19.2,8.07,281,6.99,89.5,390,,
,,1.5,,19.2,8.07,282,7,89.5,389,,
,,2,,19.2,8.08,282,6.97,89.3,388,,
,,2.5,,19.2,8.08,281,6.98,89.4,386,,
,,3,,19.2,8.09,281,6.95,89,385,,
,,4,,19.2,8.09,281,6.93,88.7,384,,
,,5,,19.2,8.09,281,6.95,89,384,,
,,6,,19.2,8.09,284,6.92,88.7,383,,
,,7,,19.2,8.09,285,6.93,88.8,383,,
,,8,,19.2,8.09,286,6.91,88.6,383,,
,,9,,19.1,8.07,271,6.87,87.9,383,,
,,10,,19,8.05,262,6.84,87.4,384,,
,,11,,19,8.03,257,6.77,86.3,385,,
,,12,,18.9,8.02,263,6.68,85.2,385,,
,,13,,18.8,8.03,275,6.7,,,,"Battery died half way through, missing values approximated as 85 and 385. "
,,,,,,,,,,,
,7/20/2015,0,850,21,8.28,375,6.51,86.6,342,,
,,0.5,,21,8.3,375,6.65,88.6,345,,
,,1,,20.94,8.25,375,6.39,84.8,348,,
,,1.5,,20.93,8.24,375,6.32,84,350,,
,,2,,20.93,8.24,375,6.25,83.1,353,,
,,2.5,,20.88,8.22,376,6.13,81.4,355,,
,,3,,20.87,8.2,376,3.03,80.1,355,,
,,4,,20.84,8.19,379,5.85,77.6,359,,
,,5,,20.8,8.19,380,5.9,78.2,361,,
,,6,,20.76,8.2,379,5.93,78.7,362,,
,,7,,20.71,8.2,381,5.98,79.2,364,,
,,8,,20.69,8.2,383,5.98,79.1,366,,
,,9,,20.43,8.19,431,5.68,74.7,367,,
,,10,,20.34,8.22,440,5.74,75.3,368,,
,,11,,19.08,7.93,413,4.71,60.4,369,,
,,12,,17.94,7.78,439,3.58,44.9,367,,
,,12.8,,16.6,7.59,473,0.99,12.2,355,,
,,,,,,,,,,,
,9/14/2015,0,924,19.2,8.7,450,9.42,122.8,361,,
,,0.5,,19.2,8.71,451,9.39,122.6,360,,
,,1,,19.2,8.71,450,9.39,122.4,360,,
,,1.5,,19.2,8.71,450,9.38,122.3,360,,
,,2,,19.2,8.7,451,9.36,121.5,360,,
,,2.5,,19.2,8.69,450,9.25,120.3,360,,
,,3,,19.2,8.69,450,9.21,120,360,,
,,4,,19.2,8.68,450,9.16,119.4,360,,
,,5,,19.2,8.67,451,9.11,118.7,360,,
,,6,,19.2,8.65,451,9.02,117.1,361,,
,,7,,19.1,8.59,451,8.44,109.4,362,,
,,8,,18.9,8.47,464,7.35,94.8,363,,
,,9,,18.7,8.37,487,6.75,87,365,,
,,10,,18.7,8.36,493,6.65,85.5,365,,
,,11,,18.6,8.32,506,6.37,82,366,,
,,,,,,,,,,,
,6/7/2016,0,910,19.23,8.2,226,7.31,94.7,238,,
,,0.5,,18.19,8.16,227,7.18,90.8,239,,
,,1,,17.96,8.13,234,7.12,89.6,240,,
,,1.5,,17.89,8.13,235,7.09,89.2,239,,
,,2,,17.88,8.15,238,7.07,89.1,240,,
,,2.5,,17.47,8.14,264,7.01,87.6,242,,
,,3,,17.21,8.15,295,6.95,86.6,243,,
,,4,,16.51,8.14,349,6.93,84.8,244,,
,,5,,15.76,8.2,452,7.03,84.5,247,,
,,6,,14.53,8.22,513,7.17,84.5,249,,
,,7,,14.25,8.2,509,7.11,83,249,,
,,8,,13.93,8.15,514,6.7,77.4,250,,
,,9,,13.48,8.06,527,5.97,68.2,250,,
,,10,,13.38,8.02,529,5.59,64,251,,
,,11,,13.18,7.99,534,5.3,60.1,251,,
,,,,,,,,,,,
,7/25/2016,0,845,22.27,8.34,430,7.29,99.8,484,,
,,0.5,,22.31,8.34,430,7.28,99.7,484,,
,,1,,22.32,8.33,429,7.29,99.8,485,,
,,1.5,,22.31,8.33,430,7.27,99.5,485,,
,,2,,22.31,8.32,431,7.3,99.9,486,,
,,2.5,,22.3,8.32,430,7.26,99.5,486,,
,,3,,22.3,8.32,430,7.27,99.4,486,,
,,4,,22.22,8.3,430,7.11,97.1,486,,
,,5,,22.16,8.24,437,6.87,93.5,487,,
,,6,,22.12,8.19,449,6.66,90.7,488,,
,,7,,21.83,8.19,440,6.6,89.6,488,,
,,8,,21.66,8.17,441,6.46,87.1,489,,
,,9,,21.41,8.14,445,6.29,84.6,489,,
,,10,,21.17,8.07,454,5.86,78.4,490,,
,,11,,20.61,7.75,496,3.3,43.6,493,,
,,12,,19.79,7.72,463,2.96,38.4,492,,
,,,,,,,,,,,
,9/19/2016,0,947,16.8,8.42,503,7.53,92.4,517,,
,,0.5,,16.79,8.43,503,7.52,92.1,517,,
,,1,,16.77,8.43,502,7.48,91.7,517,,
,,1.5,,16.77,8.44,503,7.47,91.5,517,,
,,2,,16.78,8.44,503,7.48,91.6,517,,
,,2.5,,16.75,8.43,503,7.42,90.9,518,,
,,3,,16.74,8.43,502,7.43,91.1,519,,
,,4,,16.74,8.43,502,7.43,91,519,,
,,5,,16.73,8.43,502,7.44,91.2,520,,
,,6,,16.72,8.42,502,7.43,90.9,520,,
,,7,,16.72,8.41,502,7.38,90.4,522,,
,,8,,16.7,8.41,501,7.34,89.8,522,,
,,9,,16.66,8.39,503,7.19,87.8,523,,
,,10,,16.48,8.37,510,6.98,84.9,524,,
,,11,,16.35,8.29,523,5.75,69.8,525,,
,,,,,,,,,,,
,5/27/2020,0,1030,14.61,8.43,482.6,8.2,95.7,242.6,,
,,0.5,,14.66,8.43,401.1,8.19,95.7,241.8,,
,,1,,14.6,8.43,410.8,8.19,95.5,241.8,,
,,1.5,,14.51,8.42,487,8.2,95.5,242,,
,,2,,14.52,8.41,488.5,8.19,95.4,242.2,,
,,2.5,,14.45,8.38,492.4,8.17,94.9,244.3,,
,,3,,14.26,8.33,498,8.14,94.4,248,,
,,4,,14.08,8.2,509.2,8.14,93.8,256.8,,
,,5,,13.6,8.03,509.1,8.15,93.1,265.5,,
,,6,,13.1,7.85,580.2,8.15,92,276.6,,
,,7,,12.56,7.87,588.6,7.96,88.7,273.4,,
,,8,,12.4,7.93,590.1,7.87,87.5,269.1,,
,,9,,12.36,8.16,591.7,7.76,86.2,254.5,,
,,,,,,,,,,,
,6/24/2020,0,1015,21.45,8.64,446.7,8.89,119.7,228.5,,
,,0.5,,21.02,8.65,447.8,8.92,119.1,228.8,,
,,1,,20.72,8.63,453.6,8.83,117.1,229.8,,
,,1.5,,20.54,8.61,454.8,8.75,115.7,230.5,,
,,2,,20.45,8.6,455.5,8.7,114.9,231.1,,
,,2.5,,19.97,8.7,417.1,9.18,120.1,230.7,,
,,3,,19.68,8.69,413.4,9.17,119,232.5,,
,,4,,19.28,8.49,428.3,8.74,112.6,240.7,,
,,5,,18.46,8.07,439.2,7.64,96.6,256.5,,
,,6,,18.27,8.02,447.5,7.48,94.3,258.1,,
,,7,,18,7.98,454,7.24,90.9,257.7,,
,,8,,17.78,8.23,451.9,6.88,86.1,240.2,,
,,9,,17.7,8.32,453.8,6.08,83.3,237.1,,
,,10,,16.62,8.18,443.7,5.13,63.4,237,,
,,11,,16.18,8.04,463.1,4.07,48.6,181.7,,
,,,,,,,,,,,
,7/15/2020,0,1050,21.77,8.51,607.23,8.21,110.25,160.9,,
,,0.5,,21.16,8.51,603.24,8.21,109.42,157.3,,
,,1,,20.95,8.5,596.58,8.11,108.11,155.7,,
,,1.5,,20.96,8.51,605.56,8.2,109.49,154.5,,
,,2,,21.02,8.51,598.01,8.11,107.99,154.5,,
,,2.5,,20.86,8.45,587.05,7.93,105.19,154.8,,
,,3,,20.77,8.39,585.26,7.83,103.94,157.5,,
,,4,,20.68,8.28,584.7,7.76,102.79,166.9,,
,,5,,20.6,8.1,589.5,7.63,100.71,177.2,,
,,6,,20.56,8.01,600.81,7.94,105.01,177.7,,
,,7,,20.59,8.45,619.6,8.06,106.39,154.3,,
,,8,,20.5,8.5,608.36,7.98,106.14,148.9,,
,,9,,20.43,8.53,603.46,7.81,102.82,148.1,,
,,10,,20.41,8.58,606.73,7.78,102.42,143.3,,
,,11,,20.4,8.65,605.4,7.75,101.93,140.8,,
,,11.7,,20.27,8.62,597.8,7.39,97,121.4,,
,,,,,,,,,,,
,8/26/2020,0,1015,22.81,8.99,688.52,8.7,120.52,97.7,,
,,0.5,,22.84,8.98,687.47,8.7,120.57,100.8,,
,,1,,22.61,8.95,672.54,8.5,117.18,103.2,,
,,1.5,,22.56,8.94,673.28,8.33,114.73,107.5,,
,,2,,22.52,8.92,673.55,8.04,110.74,107.7,,
,,2.5,,22.51,8.9,673.66,7.92,108.8,109.4,,
,,3,,22.49,8.88,673.7,7.81,107.37,110.7,,
,,4,,22.47,8.82,673.37,7.72,106.19,117.6,,
,,5,,22.43,8.76,671.69,7.52,103.3,117.6,,
,,6,,22.3,8.65,665.8,6.97,95.48,127.9,,
,,7,,22.02,8.47,673.03,6.15,83.83,134.8,,
,,8,,21.9,8.36,684.16,5.38,73.28,134.8,,
,,9,,21.65,8.25,685.68,3.61,48.26,133.1,,
,,10,,21.35,8.35,699.7,2.61,34.99,122.4,,
,,,,,,,,,,,
,9/22/2020,0,1005,16.89,8.52,539.78,7.99,97.76,95.9,,
,,0.5,,16.97,8.52,539.51,7.99,97.78,97.3,,
,,1,,16.97,8.51,539.7,7.98,97.78,98.2,,
,,1.5,,16.97,8.5,539.59,7.98,97.74,99.1,,
,,2,,16.96,8.49,539.56,7.98,97.67,100.5,,
,,2.5,,16.97,8.46,539.38,7.96,97.41,103.4,,
,,3,,16.95,8.37,539.18,7.9,96.72,108,,
,,4,,16.94,8.38,539.15,7.89,96.53,107.8,,
,,5,,16.92,8.23,539.31,7.86,96.14,118.6,,
,,6,,16.92,8.18,539.04,7.84,95.93,121.6,,
,,7,,16.8,8.29,545.31,7.8,95.21,116,,
,,8,,16.65,8.38,555.07,7.72,93.95,110.5,,
,,9,,16.45,8.43,566.73,7.34,88.94,107.6,,
,,10,,16.19,8.41,578.69,6.87,82.6,79.3,,
,,,,,,,,,,,
,10/13/2020,0,1000,12.74,8.64,546.02,9.49,107.12,147.4,,
,,0.5,,13.5,8.62,575.21,9.23,104.88,150,,
,,1,,13.53,8.62,575.01,9.18,104.42,150.8,,
,,1.5,,13.56,8.6,574.64,9.14,103.9,152.9,,
,,2,,13.58,8.59,574.33,9.16,104.35,152.2,,
,,2.5,,13.57,8.53,574.48,9.12,103.98,156.9,,
,,3,,13.58,8.5,574.46,9.1,103.63,158.6,,
,,4,,13.57,8.5,574.49,9.1,103.67,161.1,,
,,5,,13.56,8.37,574.73,9.1,103.63,168.6,,
,,6,,13.56,8.34,574.88,9.09,103.48,169.3,,
,,7,,13.56,8.35,574.81,9.09,103.57,169,,
,,8,,13.55,8.46,576.22,9.07,103.32,161.6,,
,,9,,13.52,8.59,580.04,8.98,102.28,154.5,,
,,,,,,,,,,,
,5/18/2021,0,1200,18.15,8.5,554.23,8.7,111.11,171.9,,
,,0.5,,16.67,8.5,552.84,8.9,109.95,179.5,,
,,1,,15.73,8.5,564.87,9.1,109.48,180.7,,
,,1.5,,15.3,8.5,574.9,9.2,109.84,181.9,,
,,2,,14.87,8.5,584.82,9.4,111.62,183.6,,
,,2.5,,14.56,8.5,588.82,9.5,111.37,185.4,,
,,3,,14.37,8.4,589.76,9.3,109.4,189.5,,
,,4,,13.78,8.3,596.8,9.3,107.7,199.1,,
,,5,,12.75,8.2,607.85,9.1,102.8,204.5,,
,,6,,12.05,8.3,606.26,9.5,106.7,202.6,,
,,7,,11.54,8.4,605.44,9.6,105.9,191.3,,
,,8,,11.48,8.6,609.02,9.3,102.2,184.7,,
,,9,,11.18,8.5,618.31,7.6,82.4,182.4,,
,,10,,10.4,8.5,615.3,6.8,73.2,172.9,,
,,,,,,,,,,,
,6/22/2021,11.460663,1327,15.08273,8.471425,548.106,6.042454,71.73877,-19.46272,,
,,11.460713,,15.08313,8.471437,548.0986,6.042108,71.73545,-19.46199,,
,,11.161393,,15.08543,8.458475,548.3484,6.037487,71.76703,-18.56282,,
,,11.147473,,15.08566,8.45788,548.3579,6.037173,71.76756,-18.52123,,
,,11.133543,,15.0859,8.457285,548.3673,6.036859,71.7681,-18.47965,,
,,10.755573,,15.08661,8.455826,547.7588,6.039452,71.71762,-18.59347,,
,,10.731593,,15.0867,8.45551,547.7339,6.039484,71.71571,-18.58195,,
,,10.707613,,15.08678,8.455194,547.709,6.039516,71.71381,-18.57044,,
,,10.081743,,15.09009,8.434175,548.6268,6.03991,71.72308,-16.31923,,
,,10.044163,,15.09027,8.433139,548.6586,6.039981,71.7225,-16.21348,,
,,10.006573,,15.09044,8.432102,548.6905,6.040052,71.72192,-16.10772,,
,,9.968993,,15.09061,8.431066,548.7224,6.040123,71.72134,-16.00197,,
,,9.761613,,15.10493,8.407936,548.7907,6.052033,71.88725,-15.37742,,
,,9.738973,,15.10567,8.406413,548.812,6.052608,71.89531,-15.30259,,
,,9.716343,,15.10642,8.40489,548.8333,6.053185,71.90336,-15.22776,,
,,9.693703,,15.10717,8.403366,548.8547,6.05376,71.91142,-15.15293,,
,,8.746676,,15.105,8.372297,548.6891,6.06987,72.23383,-13.12037,,
,,8.700087,,15.10521,8.370427,548.6839,6.070828,72.25145,-13.01611,,
,,8.653497,,15.10542,8.368558,548.6786,6.071787,72.26907,-12.91185,,
,,8.080657,,15.12457,8.361232,547.8544,6.101193,72.51802,-11.73877,,
,,8.037103,,15.12542,8.360312,547.8141,6.102839,72.53531,-11.6473,,
,,7.993548,,15.12628,8.359393,547.7739,6.104483,72.5526,-11.55582,,
,,7.949992,,15.12713,8.358474,547.7337,6.106128,72.5699,-11.46434,,
,,7.281701,,15.25571,8.346754,544.6435,6.181555,73.66955,-9.803836,,
,,7.240302,,15.2619,8.346073,544.4879,6.185537,73.72415,-9.70579,,
,,7.198902,,15.26808,8.345393,544.3322,6.18952,73.77876,-9.607744,,
,,7.157503,,15.27427,8.344712,544.1766,6.193502,73.83337,-9.509699,,
,,6.405346,,15.64707,8.334533,536.6516,6.329779,76.0727,-8.08763,,
,,6.359222,,15.66563,8.333852,536.2669,6.337142,76.19077,-7.992468,,
,,6.313097,,15.68418,8.333171,535.8823,6.344506,76.30885,-7.897306,,
,,5.412577,,16.06417,8.306995,529.6381,6.431242,77.98864,-7.031773,,
,,5.358393,,16.08783,8.305629,529.2245,6.437558,78.10375,-6.966892,,
,,5.304209,,16.11148,8.304263,528.8109,6.443873,78.21886,-6.902011,,
,,5.250025,,16.13514,8.302896,528.3973,6.450189,78.33397,-6.837131,,
,,4.884957,,16.63449,8.289817,527.5757,6.552272,80.42719,-5.589775,,
,,4.851648,,16.66408,8.288736,527.4225,6.558491,80.55288,-5.517272,,
,,4.81834,,16.69368,8.287657,527.2692,6.56471,80.67857,-5.44477,,
,,4.785032,,16.72328,8.286576,527.1159,6.57093,80.80426,-5.372268,,
,,3.915528,,17.13758,8.268717,517.944,6.60601,82.60683,-3.201158,,
,,3.86902,,17.166,8.267651,517.5137,6.609614,82.72903,-3.079356,,
,,3.822511,,17.19441,8.266584,517.0834,6.613218,82.85123,-2.957554,,
,,3.373486,,17.52367,8.235618,497.4953,6.75366,84.55049,-2.183447,,
,,3.336592,,17.54655,8.233878,496.4413,6.760696,84.66199,-2.10724,,
,,3.299699,,17.56943,8.232139,495.3873,6.767733,84.77348,-2.031033,,
,,3.262805,,17.59231,8.230399,494.3333,6.77477,84.88497,-1.954826,,
,,2.329027,,18.42955,8.167157,377.6805,6.81919,86.89294,-2.31233,,
,,2.27764,,18.47407,8.163693,372.0111,6.823874,87.01736,-2.312582,,
,,2.226254,,18.51858,8.160229,366.3417,6.828558,87.14178,-2.312835,,
,,1.452043,,19.21189,8.112288,332.1413,6.73267,87.13757,-0.4566,,
,,1.399121,,19.25919,8.108922,328.3953,6.729154,87.17554,-0.3784832,,
,,1.346199,,19.30649,8.105555,324.6492,6.725636,87.21353,-0.3003663,,
,,1.293277,,19.35379,8.102188,320.9032,6.722119,87.25152,-0.2222495,,
,,0.705351,,19.68289,8.040299,318.5766,6.706374,87.63206,0.7421527,,
,,0.663721,,19.71114,8.036555,317.7922,6.703891,87.65016,0.8207162,,
,,0.622092,,19.7394,8.032811,317.0078,6.701408,87.66825,0.8992797,,
,,0.580463,,19.76765,8.029068,316.2234,6.698925,87.68634,0.9778432,,
,,0.0701779,,19.89357,7.992043,315.8344,6.722754,88.22249,3.029968,,
,,0.0350889,,19.9062,7.989126,315.7268,6.723491,88.25463,3.142066,,
,,-2E-07,,19.91883,7.986208,315.6192,6.724227,88.28677,3.254163,,
,,,,,,,,,,,
,7/21/2021,11.958614,1053,19.85502,8.217074,486.0977,3.314024,43.17075,10.47499,,
,,11.960934,,19.847,8.214328,486.209,3.313559,43.15769,10.15896,,
,,11.970134,,19.84478,8.216061,487.4336,3.243981,42.24965,0.8154306,,
,,11.970584,,19.84133,8.214997,487.542,3.240272,42.19835,0.235403,,
,,11.971034,,19.83788,8.213934,487.6504,3.236563,42.14705,-0.3446247,,
,,11.971484,,19.83443,8.21287,487.7588,3.232854,42.09574,-0.9246523,,
,,11.447654,,19.8066,8.213394,488.0364,3.131721,40.75661,-3.600737,,
,,11.422914,,19.80509,8.213408,488.0769,3.125449,40.67373,-3.927276,,
,,11.398174,,19.80358,8.213421,488.1175,3.119178,40.59085,-4.253816,,
,,11.065904,,19.95095,8.199715,487.8869,3.09022,40.33332,-3.565199,,
,,11.039604,,19.95724,8.199055,487.8837,3.086737,40.29308,-3.597157,,
,,11.013294,,19.96354,8.198395,487.8806,3.083254,40.25284,-3.629116,,
,,10.515524,,20.09141,8.223092,483.2411,3.136334,41.05167,-3.470748,,
,,10.485194,,20.10032,8.22401,483.0156,3.138255,41.0841,-3.453922,,
,,10.454864,,20.10923,8.224928,482.7901,3.140176,41.11654,-3.437096,,
,,10.424534,,20.11815,8.225846,482.5646,3.142097,41.14897,-3.42027,,
,,9.958444,,20.45957,8.277067,480.5212,3.395637,44.77849,-2.093598,,
,,9.926274,,20.47834,8.279985,480.3322,3.408701,44.96634,-2.027845,,
,,9.894114,,20.49711,8.282904,480.1432,3.421765,45.15418,-1.962093,,
,,9.496714,,20.809,8.32708,479.7251,3.842108,51.02671,-1.329287,,
,,9.468844,,20.83037,8.330153,479.6655,3.866787,51.37326,-1.273388,,
,,9.440984,,20.85174,8.333226,479.6059,3.891466,51.7198,-1.217489,,
,,9.413124,,20.87311,8.336299,479.5463,3.916145,52.06635,-1.161589,,
,,9.205654,,21.19929,8.409664,478.8905,4.359418,58.34658,-0.8825505,,
,,9.187934,,21.22086,8.414001,478.8501,4.388547,58.7577,-0.856517,,
,,9.170214,,21.24243,8.418337,478.8098,4.417676,59.16882,-0.8304835,,
,,8.738394,,21.35858,8.45817,477.4234,4.649289,62.41554,0.5085305,,
,,8.713354,,21.37052,8.461521,477.3428,4.669044,62.69377,0.5792878,,
,,8.688314,,21.38247,8.464872,477.2623,4.688799,62.972,0.650045,,
,,8.663274,,21.39441,8.468224,477.1817,4.708554,63.25023,0.7208022,,
,,8.253564,,21.58442,8.513009,475.1817,5.108103,68.88197,1.893107,,
,,8.225204,,21.59593,8.515979,475.0585,5.131919,69.21732,1.976268,,
,,8.196834,,21.60744,8.51895,474.9354,5.155736,69.55266,2.059428,,
,,7.800194,,21.80015,8.534393,474.2412,5.516277,74.70017,3.074612,,
,,7.773634,,21.8129,8.536036,474.1688,5.540947,75.0509,3.145083,,
,,7.747084,,21.82565,8.537679,474.0964,5.565617,75.40163,3.215554,,
,,7.720524,,21.83839,8.539322,474.024,5.590287,75.75235,3.286025,,
,,7.488184,,21.94089,8.545072,473.4258,5.948508,80.77258,4.220701,,
,,7.469484,,21.94946,8.545672,473.383,5.972373,81.10882,4.284623,,
,,7.450794,,21.95802,8.546273,473.3402,5.996237,81.44505,4.348544,,
,,7.051664,,22.02765,8.537148,472.9149,6.136137,83.45953,5.591614,,
,,7.028344,,22.03293,8.536841,472.8828,6.149698,83.6521,5.668358,,
,,7.005024,,22.0382,8.536535,472.8506,6.163259,83.84466,5.745102,,
,,6.981714,,22.04347,8.536228,472.8185,6.176819,84.03722,5.821846,,
,,6.514634,,22.1075,8.512713,472.3812,6.413422,87.37298,7.793811,,
,,6.484614,,22.11195,8.51143,472.3519,6.427538,87.57281,7.91178,,
,,6.454604,,22.1164,8.510145,472.3225,6.441654,87.77264,8.029749,,
,,6.227064,,22.16565,8.499653,471.9651,6.612036,90.17319,8.796754,,
,,6.206934,,22.16929,8.498693,471.9392,6.624923,90.35479,8.872458,,
,,6.186814,,22.17294,8.497734,471.9134,6.637809,90.53639,8.948162,,
,,6.166684,,22.17658,8.496775,471.8875,6.650695,90.71799,9.023866,,
,,5.673564,,22.18743,8.476961,472.0465,6.708695,92.26659,10.63528,,
,,5.645514,,22.189,8.475804,472.0462,6.71507,92.39051,10.72775,,
,,5.617474,,22.19057,8.474648,472.046,6.721446,92.51443,10.82023,,
,,5.111764,,22.2422,8.44714,471.6233,6.815428,93.18023,12.62595,,
,,5.077904,,22.2449,8.445436,471.6061,6.8212,93.24473,12.74405,,
,,5.044044,,22.24761,8.443734,471.5888,6.826972,93.30923,12.86215,,
,,5.010184,,22.25032,8.442031,471.5716,6.832744,93.37373,12.98025,,
,,4.565004,,22.27391,8.434938,471.3604,6.907305,94.41826,14.41975,,
,,4.533654,,22.27607,8.434029,471.3421,6.912758,94.48206,14.52465,,
,,4.502294,,22.27823,8.43312,471.3238,6.918212,94.54587,14.62955,,
,,4.249274,,22.34786,8.424129,471.3767,6.973485,95.44109,15.4292,,
,,4.228344,,22.35157,8.423548,471.3748,6.977583,95.50394,15.49617,,
,,4.207414,,22.35529,8.422966,471.3729,6.981682,95.56681,15.56314,,
,,3.721234,,22.39806,8.408688,470.4176,7.013768,96.08595,17.28659,,
,,3.692864,,22.40142,8.407823,470.372,7.016363,96.12772,17.38538,,
,,3.664494,,22.40479,8.406958,470.3265,7.018958,96.16949,17.48418,,
,,3.636124,,22.40815,8.406093,470.281,7.021553,96.21126,17.58297,,
,,3.161014,,22.4466,8.386028,469.6903,7.106409,97.44686,19.36025,,
,,3.128514,,22.4493,8.384784,469.6427,7.111094,97.51612,19.47988,,
,,3.096014,,22.45199,8.383539,469.5951,7.115778,97.58539,19.59951,,
,,2.822764,,22.4851,8.371528,469.3234,7.191194,98.68523,20.62639,,
,,2.800024,,22.48749,8.370545,469.2984,7.196538,98.76318,20.71162,,
,,2.777284,,22.48987,8.369564,469.2735,7.201883,98.84111,20.79686,,
,,2.754554,,22.49226,8.368583,469.2485,7.207228,98.91904,20.88209,,
,,2.210874,,22.52504,8.337541,469.1406,7.263905,99.76143,23.55752,,
,,2.179254,,22.5273,8.335817,469.1293,7.268206,99.82491,23.706,,
,,2.147624,,22.52957,8.334093,469.118,7.272508,99.88839,23.85448,,
,,1.542674,,22.55762,8.30839,469.3417,7.302072,100.3493,25.22233,,
,,1.503114,,22.55963,8.306552,469.3496,7.30467,100.3889,25.34086,,
,,1.463564,,22.56163,8.304715,469.3576,7.307268,100.4285,25.45939,,
,,0.909494,,22.62233,8.295712,469.0797,7.372508,101.4447,27.63153,,
,,0.871144,,22.62582,8.294789,469.0703,7.376254,101.503,27.76302,,
,,0.832794,,22.6293,8.293867,469.0609,7.379999,101.5613,27.89451,,
,,0.794454,,22.63279,8.292944,469.0515,7.383744,101.6196,28.026,,
,,0.557434,,22.72923,8.265721,469.2388,7.437302,102.5485,28.46347,,
,,0.534824,,22.73509,8.264233,469.2421,7.441194,102.6136,28.5286,,
,,0.512213,,22.74094,8.262744,469.2455,7.445086,102.6788,28.59373,,
,,0.028404,,22.78249,8.239262,469.0599,7.463836,103.0202,30.84403,,
,,0,,22.78642,8.237575,469.0546,7.465817,103.0554,30.96267,,
,,,,,,,,,,,
,8/11/2021,11.234316,1017,19.64573,7.786581,507.2174,3.014713,39.18525,62.40352,,
,,11.216896,,19.52377,7.7472,507.9113,2.528943,32.7916,62.36226,,
,,10.737516,,19.46819,7.707069,508.9058,2.313509,29.96378,62.62912,,
,,10.689316,,19.45879,7.701822,509.0272,2.27723,29.48698,62.655,,
,,10.077736,,19.70755,7.754166,519.9632,1.992518,25.92829,60.5008,,
,,10.001646,,19.72939,7.75773,521.0361,1.958881,25.50375,60.3071,,
,,9.696266,,20.42189,7.837749,521.9355,2.017649,26.63875,59.42252,,
,,9.103566,,20.64126,7.99766,517.5656,2.206255,29.26016,58.70233,,
,,9.036426,,20.685,8.015933,517.1317,2.22757,29.56581,58.60843,,
,,8.391656,,20.95984,8.199842,509.669,2.714809,36.23384,57.61403,,
,,8.308786,,20.99232,8.223232,508.7791,2.768761,36.97255,57.49523,,
,,7.973086,,21.24842,8.274907,504.7185,3.543125,47.55971,57.68148,,
,,7.918016,,21.28238,8.28654,504.062,3.633305,48.79284,57.66155,,
,,7.162896,,21.33536,8.336124,503.4529,4.088846,54.97104,58.07652,,
,,6.434536,,21.38652,8.347054,502.8715,4.865533,65.47988,58.72379,,
,,6.339166,,21.39315,8.349872,502.7936,4.954768,66.6877,58.7987,,
,,5.946656,,21.43949,8.349162,502.386,5.556175,74.85136,59.31655,,
,,5.883706,,21.44563,8.349431,502.3277,5.64081,75.99895,59.38871,,
,,5.152076,,21.46578,8.343622,502.2564,5.862062,79.01183,60.24604,,
,,4.347996,,21.50342,8.331712,501.9017,6.230817,84.04572,61.43943,,
,,4.245146,,21.50774,8.330367,501.865,6.273971,84.63455,61.58409,,
,,3.814256,,21.53282,8.321792,501.5702,6.555681,88.47594,62.05685,,
,,3.744326,,21.53657,8.320544,501.5294,6.595658,89.02129,62.14536,,
,,2.976546,,21.54912,8.304132,501.4336,6.695268,90.38815,63.16954,,
,,2.178196,,21.57421,8.284459,501.1621,6.854817,92.58871,64.5987,,
,,2.075026,,21.57706,8.282005,501.1328,6.873516,92.84638,64.77168,,
,,1.623506,,21.58688,8.274297,501.2332,6.99545,94.51084,65.34644,,
,,1.552476,,21.58872,8.272861,501.2325,7.012617,94.74603,65.45237,,
,,0.773136,,21.60128,8.250466,501.2225,7.06185,95.97718,67.02161,,
,,0.092178,,21.61731,8.235922,501.3853,7.13078,96.45682,67.96487,,
,,0,,21.61929,8.233756,501.4005,7.139047,96.54333,68.10921,,
,,,,,,,,,,,
,9/15/2021,10.980833,1001,18.83776,8.635399,459.4364,6.137364,78.65811,-32.32116,,
,,10.986303,,18.83506,8.631063,459.4854,6.114573,78.3612,-32.17838,,
,,10.908273,,18.80768,8.594822,460.1356,5.857667,75.02405,-30.04293,,
,,10.901403,,18.80433,8.589977,460.2086,5.828626,74.64638,-29.78931,,
,,10.685123,,18.81194,8.56827,460.1608,5.613188,71.90543,-28.50688,,
,,10.334623,,18.81184,8.567172,460.4041,5.498803,70.44048,-26.44152,,
,,10.293143,,18.81212,8.566381,460.4253,5.480762,70.21011,-26.19894,,
,,10.030533,,18.83506,8.593864,457.5622,5.357974,68.66499,-24.3781,,
,,9.992743,,18.83723,8.596495,457.2987,5.342478,68.46913,-24.13001,,
,,9.843093,,18.8495,8.628499,456.8959,5.531552,70.91083,-23.45994,,
,,9.578663,,18.85421,8.645046,456.6734,5.664353,72.62023,-21.80355,,
,,9.547973,,18.85504,8.647686,456.6434,5.683819,72.87101,-21.62058,,
,,9.252833,,18.87292,8.652541,456.393,5.913052,75.83546,-20.04359,,
,,9.215323,,18.87475,8.65355,456.3626,5.939397,76.17585,-19.83384,,
,,9.072903,,18.88086,8.651908,456.2136,6.141646,78.77702,-19.00964,,
,,8.834563,,18.88249,8.647713,456.0237,6.245387,80.11008,-17.42522,,
,,8.806843,,18.88282,8.647244,456.0004,6.261889,80.32217,-17.24428,,
,,8.617243,,18.89909,8.644772,455.5882,6.404893,82.1874,-15.94166,,
,,8.590633,,18.90068,8.64438,455.5422,6.421886,82.40838,-15.76026,,
,,8.450493,,18.90103,8.63518,455.4199,6.537273,83.88967,-15.1008,,
,,8.270323,,18.90143,8.627536,455.5118,6.586634,84.52383,-13.73979,,
,,8.248223,,18.90145,8.626481,455.5174,6.595118,84.63274,-13.58612,,
,,7.931683,,18.91753,8.623231,456.608,6.671618,85.64191,-12.35904,,
,,7.895293,,18.91906,8.622658,456.7153,6.680425,85.75755,-12.19372,,
,,7.786453,,18.93958,8.613148,456.6736,6.75167,86.71159,-11.61207,,
,,7.530873,,18.95865,8.609314,455.8121,6.788835,87.22282,-10.48241,,
,,7.502653,,18.96118,8.608621,455.7234,6.794734,87.30318,-10.35359,,
,,7.214133,,18.96578,8.606586,454.6443,6.857615,88.12466,-9.02228,,
,,7.177463,,18.96689,8.606271,454.5089,6.864798,88.21941,-8.855034,,
,,7.085493,,18.97963,8.601143,454.1456,6.923362,88.99528,-8.468373,,
,,6.847443,,18.97802,8.596453,453.0317,6.954593,89.39369,-7.514211,,
,,6.821413,,18.97828,8.595823,452.9117,6.959482,89.45699,-7.409649,,
,,6.594723,,18.98981,8.594217,451.4968,7.012567,90.15652,-6.517076,,
,,6.564533,,18.99081,8.593902,451.3215,7.01862,90.2358,-6.397738,,
,,6.411533,,19.01795,8.590656,449.3319,7.073942,90.99749,-5.774818,,
,,6.156703,,19.01265,8.593028,447.0848,7.106205,91.40227,-4.890232,,
,,6.126853,,19.01299,8.593158,446.7996,7.111106,91.46589,-4.783807,,
,,5.807993,,19.02506,8.59282,445.3073,7.190228,92.50603,-3.871044,,
,,5.768343,,19.02594,8.592886,445.0858,7.198858,92.61868,-3.752347,,
,,5.631983,,19.03984,8.593088,444.5873,7.272184,93.58739,-3.142509,,
,,5.325423,,19.03806,8.588213,444.2867,7.310537,94.07751,-2.272599,,
,,5.291073,,19.03831,8.587737,444.2427,7.316602,94.15598,-2.167696,,
,,5.005063,,19.05861,8.583955,443.7409,7.376484,94.97078,-1.081074,,
,,4.966553,,19.06044,8.583407,443.6834,7.38345,95.06446,-0.9460006,,
,,4.802953,,19.06203,8.573831,443.6296,7.43821,95.76859,-0.4432488,,
,,4.572443,,19.06568,8.565597,443.5421,7.464468,96.11369,0.510879,,
,,4.544643,,19.06605,8.564467,443.5327,7.468767,96.16959,0.6201693,,
,,4.313413,,19.07051,8.559995,443.5871,7.5147,96.77089,1.521003,,
,,4.283093,,19.07107,8.55928,443.5894,7.519929,96.83939,1.641619,,
,,4.188233,,19.08185,8.553057,443.5443,7.546474,97.20578,2.034583,,
,,3.873643,,19.0849,8.54373,443.364,7.566898,97.47519,3.033082,,
,,3.839763,,19.08555,8.542607,443.3445,7.5697,97.51269,3.143395,,
,,3.638493,,19.10743,8.541865,443.1357,7.599922,97.94559,3.696387,,
,,3.607713,,19.10961,8.541462,443.109,7.603496,97.99599,3.785497,,
,,3.440913,,19.12169,8.530684,443.0251,7.63148,98.38413,4.460056,,
,,3.110273,,19.1135,8.523839,443.1624,7.641915,98.50246,5.3925,,
,,3.072203,,19.11304,8.522798,443.1737,7.643816,98.52617,5.506711,,
,,2.721033,,19.12195,8.517546,443.412,7.661339,98.76182,6.470966,,
,,2.675393,,19.12246,8.516811,443.4404,7.663328,98.78769,6.596643,,
,,2.552773,,19.13882,8.508032,444.2681,7.692197,99.19725,7.110866,,
,,2.235473,,19.13683,8.500767,444.6015,7.707722,99.39373,8.105318,,
,,2.200623,,19.13715,8.499763,444.6616,7.710186,99.42635,8.219154,,
,,1.928263,,19.13656,8.492643,444.6046,7.736839,99.77093,9.421826,,
,,1.890683,,19.13639,8.491712,444.6096,7.7399,99.81024,9.572816,,
,,1.717953,,19.15667,8.484798,444.7613,7.768021,100.2143,9.821088,,
,,1.354133,,19.15405,8.470675,444.711,7.777159,100.3269,10.70406,,
,,1.312823,,19.15447,8.469059,444.7113,7.778947,100.3508,10.79745,,
,,0.926563,,19.15434,8.46522,445.2355,7.806111,100.7013,11.95563,,
,,0.876413,,19.15418,8.464341,445.2835,7.808978,100.738,12.09868,,
,,0.739124,,19.17871,8.44984,445.2583,7.823252,100.9693,12.62973,,
,,0.52655,,19.17675,8.448698,445.1321,7.82887,101.0374,13.11523,,
,,0.501627,,19.17737,8.448102,445.1176,7.829843,101.0511,13.17881,,
,,0.050682,,19.17968,8.443861,445.5616,7.851112,101.3326,14.6366,,
,,0,,19.17977,8.443448,445.5992,7.853314,101.3614,14.79268,,
,,,,,,,,,,,
,10/5/2021,10.669837,945,15.23022,8.532267,518.9319,8.157329,96.11185,-60.13276,,
,,10.614597,,15.22909,8.533753,519.0783,8.019523,94.42352,-59.66723,,
,,10.613727,,15.22788,8.533997,519.0972,7.999633,94.18661,-59.62769,,
,,10.514167,,15.22751,8.533999,519.0461,7.868864,92.64929,-59.48388,,
,,10.079507,,15.21257,8.526505,519.1716,7.806812,91.88924,-58.7562,,
,,10.034497,,15.21111,8.525764,519.1814,7.797921,91.78175,-58.68391,,
,,9.677417,,15.21374,8.530184,520.3544,7.717022,90.83234,-58.19716,,
,,9.627657,,15.21346,8.530334,520.4719,7.707757,90.72248,-58.12498,,
,,9.445517,,15.32732,8.540208,521.6609,7.678832,90.60542,-57.77324,,
,,9.145067,,15.35906,8.555957,521.2518,7.668124,90.54129,-57.08002,,
,,9.110037,,15.36598,8.557827,521.248,7.666288,90.53323,-57.00072,,
,,8.775317,,15.39783,8.56194,520.401,7.712728,91.14323,-56.54272,,
,,8.732607,,15.40177,8.56289,520.3005,7.716924,91.20043,-56.47412,,
,,8.586547,,15.45537,8.57225,520.0272,7.77939,92.05114,-56.31546,,
,,8.279917,,15.45905,8.574673,519.6163,7.823346,92.57892,-56.01411,,
,,8.245337,,15.46109,8.575216,519.5684,7.829641,92.65768,-55.97979,,
,,7.928517,,15.45594,8.57675,518.5371,7.927124,93.79668,-55.55737,,
,,7.887377,,15.45541,8.576957,518.4246,7.93786,93.92226,-55.50646,,
,,7.683977,,15.51881,8.593496,516.6449,8.043239,95.29843,-55.41243,,
,,7.303627,,15.56941,8.613617,511.8658,8.101596,96.09388,-55.10787,,
,,7.259817,,15.57656,8.616167,511.3326,8.110577,96.2149,-55.07557,,
,,6.881007,,15.65869,8.641103,508.8024,8.263547,98.20512,-54.59073,,
,,6.830977,,15.66834,8.644215,508.3852,8.280136,98.42236,-54.53298,,
,,6.683107,,15.73468,8.652335,507.6705,8.48007,100.9377,-54.0907,,
,,6.655357,,15.74393,8.654016,507.5136,8.504471,101.2471,-54.03134,,
,,6.343067,,15.76643,8.659883,506.252,8.622853,102.706,-53.89917,,
,,6.065807,,15.78689,8.663145,505.8125,8.826489,105.181,-53.68478,,
,,6.028227,,15.78962,8.66367,505.7262,8.85013,105.4691,-53.65967,,
,,5.836967,,15.79742,8.661489,505.9925,9.015556,107.4551,-53.75359,,
,,5.808867,,15.79889,8.661399,506.0024,9.038661,107.7336,-53.7545,,
,,5.427727,,15.80551,8.657605,505.6556,9.109048,108.588,-53.25444,,
,,5.092397,,15.80598,8.652319,505.4998,9.247283,110.2369,-52.24143,,
,,5.046957,,15.80626,8.651683,505.4723,9.263052,110.4255,-52.12604,,
,,4.876727,,15.81643,8.646184,505.4974,9.36075,111.6205,-52.29905,,
,,4.848537,,15.81739,8.645473,505.4942,9.375025,111.7936,-52.27714,,
,,4.535567,,15.82757,8.640263,505.3239,9.405297,112.1791,-51.85471,,
,,4.164997,,15.84577,8.632696,505.0518,9.470791,113.0032,-51.19956,,
,,4.118397,,15.84786,8.631788,505.0195,9.478154,113.0959,-51.12066,,
,,3.924627,,15.8639,8.627192,504.8631,9.518985,113.6188,-50.56915,,
,,3.892897,,15.86607,8.626483,504.8384,9.525221,113.6981,-50.49339,,
,,3.558277,,15.86633,8.619474,504.8233,9.553216,114.0329,-50.13692,,
,,3.215527,,15.88658,8.612358,504.4671,9.588444,114.5054,-48.95622,,
,,3.171257,,15.88856,8.611438,504.4319,9.592772,114.5621,-48.82985,,
,,3.000837,,15.878,8.608525,504.8338,9.637382,115.0653,-48.92876,,
,,2.972507,,15.87776,8.607997,504.8585,9.64286,115.1299,-48.89436,,
,,2.610007,,15.88795,8.59753,504.6212,9.654177,115.29,-48.52241,,
,,2.289567,,15.90014,8.590141,504.5273,9.659767,115.3868,-47.66299,,
,,2.246087,,15.9017,8.589066,504.5093,9.660652,115.4013,-47.56557,,
,,2.047577,,15.88614,8.58496,504.574,9.700078,115.8373,-47.43213,,
,,2.017377,,15.88513,8.584311,504.5768,9.703966,115.8815,-47.38754,,
,,1.667007,,15.87396,8.5774,507.7646,9.721951,116.0697,-46.55136,,
,,1.332937,,15.85881,8.571955,506.2278,9.765504,116.5464,-45.56614,,
,,1.288607,,15.85699,8.571192,506.185,9.770302,116.5986,-45.4413,,
,,1.078467,,15.89524,8.565962,505.1129,9.796476,117.0126,-44.9996,,
,,1.046567,,15.8983,8.565274,504.9479,9.800562,117.0694,-44.92192,,
,,0.667618,,15.917,8.558115,504.4148,9.805686,117.1776,-43.86004,,
,,0.251931,,15.93407,8.547137,504.4633,9.83028,117.5087,-44.136,,
,,0.199045,,15.93628,8.545839,504.4503,9.83282,117.544,-44.12662,,
,,0,,15.94827,8.54156,504.5581,9.857759,117.8796,-43.86177,,
