"","WaterbodyName","Latitude","Longitude","Year","DrainageArea_ha","month","TN_load_kg","TP_load_kg","NH4_load_kg","NO3_load_kg","PO4_load_kg","TN_flux_kg_ha","TP_flux_kg_ha","NH4_flux_kg_ha","NO3_flux_kg_ha","PO4_flux_kg_ha","TotalTrib_TN_kg","TotalTrib_TP_kg","TotalTrib_NH4_kg","TotalTrib_NO3_kg","TotalTrib_PO4_kg"
"1","Wind River Inlet",43.1289722,-108.2248333,2020,1137005.61,"Jan",11129.3735044617,741.958233630783,741.958233630783,7382.4844246263,445.17494017847,0.00978831890236826,0.000652554593491217,0.000652554593491217,0.00649291820523761,0.00039153275609473,21031.8357229414,NA,848.424367064998,15100.3877188958,NA
"2","Wind River Inlet",43.1289722,-108.2248333,2020,1137005.61,"Feb",13669.8054603035,781.131740588769,1562.26348117754,8240.93986321151,703.018566529892,0.0120226367751197,0.000687007815721128,0.00137401563144226,0.0072479324558579,0.000618307034149015,24029.4203331812,NA,1623.72784176819,15427.8037309411,733.750746825218
"3","Wind River Inlet",43.1289722,-108.2248333,2020,1137005.61,"Mar",20146.0576668887,1405.53890699223,2342.56484498706,9463.96197374772,749.620750395859,0.0177185209023627,0.00123617587690903,0.00206029312818171,0.00832358423785413,0.000659293801018149,32900.9025535879,2215.21679301842,2611.47453343749,17325.5092510428,796.49629272772
"4","Wind River Inlet",43.1289722,-108.2248333,2020,1137005.61,"Apr",23790.4998861043,4758.09997722085,NA,1946.49544522671,475.809997722085,0.0209238192642728,0.00418476385285456,NA,0.00171194884889505,0.000418476385285456,35476.0288889561,7892.21764603216,NA,4827.74079884876,526.994504665205
"5","Wind River Inlet",43.1289722,-108.2248333,2020,1137005.61,"May",NA,11905.980308888,NA,NA,3333.67448648864,NA,0.0104713470225428,NA,NA,0.00293197716631199,NA,19717.284729414,NA,NA,6356.07213408045
"6","Wind River Inlet",43.1289722,-108.2248333,2020,1137005.61,"Jun",NA,47649.482192423,NA,NA,6035.60107770691,NA,0.0419078690319065,NA,NA,0.00530833007737483,NA,55144.8287034786,NA,NA,8100.43785317702
"7","Wind River Inlet",43.1289722,-108.2248333,2020,1137005.61,"Jul",86729.6555325072,13988.6541181463,2797.73082362926,21122.8677184009,7413.98668261755,0.0762790040521499,0.0123030651697016,0.00246061303394032,0.0185776284062494,0.00652062453994185,114673.356239128,21254.8900976393,3255.12930245678,32962.8628356127,9667.51557935378
"8","Wind River Inlet",43.1289722,-108.2248333,2020,1137005.61,"Aug",NA,1991.35692708329,398.271385416657,NA,438.098523958323,NA,0.00175140466288754,0.000350280932577507,NA,0.000385309025835258,NA,5836.19275160816,NA,NA,1697.44567710414
"9","Wind River Inlet",43.1289722,-108.2248333,2020,1137005.61,"Sep",17841.0564745723,1749.1231837816,NA,3953.01839534642,174.91231837816,0.0156912651245163,0.00153835932593297,NA,0.00347669207660851,0.000153835932593297,46425.8338125885,5471.58158999416,NA,19563.6777111414,1011.47280337414
"10","Wind River Inlet",43.1289722,-108.2248333,2020,1137005.61,"Oct",NA,2142.23996276728,NA,NA,NA,NA,0.00188410676598797,NA,NA,NA,NA,NA,NA,NA,NA
"11","Wind River Inlet",43.1289722,-108.2248333,2020,1137005.61,"Nov",NA,3249.18076970495,NA,NA,NA,NA,0.00285766467740203,NA,NA,NA,NA,3528.50375122406,NA,NA,NA
"12","Wind River Inlet",43.1289722,-108.2248333,2020,1137005.61,"Dec",18174.5679602304,6058.18932007679,NA,6171.78036982824,227.18209950288,0.0159845895221488,0.00532819650738293,NA,0.00542810019189636,0.00019980736902686,29590.9713729262,NA,NA,15060.3401463511,NA
"13","Wind River Inlet",43.1289722,-108.2248333,2021,1137005.61,"Jan",12874.56450954,804.660281846249,NA,7081.01048024699,362.097126830812,0.0113232198647991,0.000707701241549942,NA,0.00622777092563949,0.000318465558697474,24508.8911473143,NA,NA,16112.2106949541,NA
"14","Wind River Inlet",43.1289722,-108.2248333,2021,1137005.61,"Feb",13855.5871620163,1497.90131481258,NA,5354.99720045496,374.475328703144,0.0121860323644457,0.0013174089042644,NA,0.00470973683274523,0.0003293522260661,24892.3239114768,1658.91613829699,NA,13620.4602424991,NA
"15","Wind River Inlet",43.1289722,-108.2248333,2021,1137005.61,"Mar",32083.9083083522,4184.85760543725,1859.93671352767,8927.6962249328,1115.9620281166,0.0282178979823611,0.00368059538900362,0.0016358201728905,0.00785193682987439,0.000981492103734299,39926.7870830225,4563.76905947022,NA,13798.3985319237,NA
"16","Wind River Inlet",43.1289722,-108.2248333,2021,1137005.61,"Apr",NA,1890.55557359613,NA,NA,302.488891775381,NA,0.00166274955635103,NA,NA,0.000266039929016164,NA,4279.33622910401,NA,NA,364.034258439636
"17","Wind River Inlet",43.1289722,-108.2248333,2021,1137005.61,"May",143770.611396342,64143.8112383678,2211.85555994372,5087.26778787055,1880.07722595216,0.12644670363266,0.0564146831591867,0.00194533390204092,0.00447426797469412,0.00165353381673478,NA,69201.6820399272,NA,NA,NA
"18","Wind River Inlet",43.1289722,-108.2248333,2021,1137005.61,"Jun",122637.188513086,55306.9673686466,NA,13225.579153372,6733.02211444394,0.107859791925816,0.0486426512606623,NA,0.011631938344941,0.00592171406651541,147995.632240238,60723.64287938,NA,23436.608345404,9087.24317097202
"19","Wind River Inlet",43.1289722,-108.2248333,2021,1137005.61,"Jul",NA,24570.8490288013,NA,NA,828.896111814983,NA,0.0216101387826937,NA,NA,0.000729016730018582,NA,28010.2004056896,NA,NA,2541.29336954745
"20","Wind River Inlet",43.1289722,-108.2248333,2021,1137005.61,"Aug",14990.2785292452,2536.81636648765,NA,3251.73734249781,484.301306329461,0.0131839969806703,0.00223113795057498,NA,0.00285991319119156,0.000425944517837041,51731.9984070244,11105.4881530167,NA,16101.3895505075,2157.48913930189
"21","Wind River Inlet",43.1289722,-108.2248333,2021,1137005.61,"Sep",NA,1012.76130628856,NA,NA,NA,NA,0.000890726745216817,NA,NA,NA,NA,4843.9920826411,NA,NA,NA
"22","Wind River Inlet",43.1289722,-108.2248333,2021,1137005.61,"Oct",26353.5844455981,5548.12304117855,NA,3467.5769007366,NA,0.023178060172982,0.00487959161536463,NA,0.0030497447596029,NA,42473.5752836712,5841.34009562516,NA,14363.0789669682,NA
"23","Wind River Inlet",43.1289722,-108.2248333,2021,1137005.61,"Nov",10208.8264585158,785.294342962754,NA,1845.44170596247,NA,0.00897869488833551,0.00069066883756427,NA,0.00162307176827603,NA,21142.5134799779,993.65631386938,NA,9028.60456916016,NA
"24","Wind River Inlet",43.1289722,-108.2248333,2021,1137005.61,"Dec",12074.129174281,754.633073392562,NA,6225.72285548864,226.389922017769,0.0106192344770234,0.000663702154813961,NA,0.00547554277721518,0.000199110646444188,21825.8100106211,NA,NA,13872.8514528887,NA
"25","Wind River Inlet",43.1289722,-108.2248333,2022,1137005.61,"Jan",18046.4032452907,1151.89807948664,NA,6757.80206632163,345.569423845993,0.0158718682533947,0.00101309797362094,NA,0.00594350811190952,0.000303929392086282,25185.0290340836,NA,NA,12123.6856372655,NA
"26","Wind River Inlet",43.1289722,-108.2248333,2022,1137005.61,"Feb",19064.9137253796,1859.99158296386,1394.9936872229,7904.96422759642,697.496843611449,0.0167676514150001,0.00163586843073172,0.00122690132304879,0.00695244083060982,0.000613450661524396,25621.4823916449,NA,NA,12128.5135903832,NA
"27","Wind River Inlet",43.1289722,-108.2248333,2022,1137005.61,"Mar",24491.4872480201,3428.80821472282,NA,5975.92288851692,440.846770464363,0.0215403398475933,0.00301564757866307,NA,0.00525584292281277,0.00038772611725668,31870.8629761518,3836.24213913411,NA,10600.9268835002,NA
"28","Wind River Inlet",43.1289722,-108.2248333,2022,1137005.61,"Apr",7464.73645295917,1421.85456246841,NA,1599.58638277697,177.731820308552,0.00656525912212445,0.00125052554707132,NA,0.00140684124045524,0.000156315693383915,21944.4151437636,3827.90782385449,NA,5061.63634281823,NA
"29","Wind River Inlet",43.1289722,-108.2248333,2022,1137005.61,"May",NA,6461.14360083667,NA,NA,287.161937814963,NA,0.00568259606110182,NA,NA,0.000252559824937859,NA,8143.6373587751,NA,NA,520.039313328225
"30","Wind River Inlet",43.1289722,-108.2248333,2022,1137005.61,"Jun",NA,33055.8860772053,NA,NA,5288.94177235285,NA,0.0290727554784935,NA,NA,0.00465164087655895,NA,38801.1285624343,NA,NA,6888.6561518071
"31","Wind River Inlet",43.1289722,-108.2248333,2022,1137005.61,"Jul",NA,3528.31050792845,NA,NA,1340.75799301281,NA,0.00310316015760771,NA,NA,0.00117920085989093,NA,8923.72573535591,NA,NA,3491.77696269161
"32","Wind River Inlet",43.1289722,-108.2248333,2022,1137005.61,"Aug",16989.5664640174,4633.51812655021,NA,4231.94655558252,803.143141935369,0.0149423769896944,0.0040751937244621,NA,0.00372201026834206,0.000706366912240098,46281.8893255946,11517.9533646736,NA,17434.1403095224,2449.64323559575
"33","Wind River Inlet",43.1289722,-108.2248333,2022,1137005.61,"Sep",NA,809.430150521751,NA,NA,161.88603010435,NA,0.000711896356009845,NA,NA,0.000142379271201969,NA,4611.33827721808,NA,NA,1552.26829329367
"34","Wind River Inlet",43.1289722,-108.2248333,2022,1137005.61,"Oct",12167.8461713075,553.083916877613,NA,2267.64405919821,NA,0.010701658869834,0.000486439039537907,NA,0.00199440006210542,NA,30948.6219506746,1003.53956018259,NA,14263.8205684064,NA
"35","Wind River Inlet",43.1289722,-108.2248333,2022,1137005.61,"Nov",NA,1577.48463094236,NA,NA,NA,NA,0.0013874026803987,NA,NA,NA,NA,NA,NA,NA,NA
"36","Wind River Inlet",43.1289722,-108.2248333,2022,1137005.61,"Dec",36029.2162433675,5200.09306605305,1114.30565701137,8617.29708088791,185.717609501895,0.031687808684926,0.00457349816071096,0.000980035320152349,0.00757893980917817,0.000163339220025392,45373.1657286588,NA,NA,15536.8771531114,NA
"37","Wind River Inlet",43.1289722,-108.2248333,2023,1137005.61,"Jan",17146.8977136362,5715.63257121206,2857.81628560603,7471.1482895129,816.51893874458,0.015080750317174,0.00502691677239135,0.00251345838619567,0.00657089835248298,0.000718130967484478,25258.9872042012,NA,3199.6956026941,13026.0888581391,NA
"38","Wind River Inlet",43.1289722,-108.2248333,2023,1137005.61,"Feb",14626.5438926779,1185.9359912982,1581.24798839761,7155.14714749917,711.561594778923,0.0128640912270238,0.00104303442381274,0.00139071256508366,0.00629297435700354,0.000625820654287645,21381.9539087817,NA,1966.49645936404,11517.1652080894,NA
"39","Wind River Inlet",43.1289722,-108.2248333,2023,1137005.61,"Mar",46474.412459855,5914.92522216336,3379.95726980763,9168.1340943532,718.240919834122,0.0408743915167269,0.00520219528394707,0.00297268301939832,0.00806340269011795,0.000631695141622144,58453.5187445279,6156.96929144827,4387.28799939094,14564.6033979434,NA
"40","Wind River Inlet",43.1289722,-108.2248333,2023,1137005.61,"Apr",45207.1613358469,7137.97284250215,NA,4520.71613358469,1665.52699658384,0.0397598401786663,0.00627786950189467,NA,0.00397598401786663,0.00146483621710876,76158.109807772,12187.7404205574,NA,13196.6396751643,NA
"41","Wind River Inlet",43.1289722,-108.2248333,2023,1137005.61,"May",230778.105177718,51925.0736649865,NA,14423.6315736074,3750.14420913791,0.202970067296078,0.0456682651416174,NA,0.0126856292060048,0.00329826359356126,438426.86509145,144529.830457212,NA,36889.1180859283,10192.8029004832
"42","Wind River Inlet",43.1289722,-108.2248333,2023,1137005.61,"May",190391.936771617,89426.5157563656,NA,15865.9947309681,6346.39789238724,0.167450305519264,0.07865090107723,NA,0.0139541921266053,0.00558167685064213,438426.86509145,144529.830457212,NA,36889.1180859283,10192.8029004832
"43","Wind River Inlet",43.1289722,-108.2248333,2023,1137005.61,"Jul",NA,46331.2923942115,NA,NA,2737.75818693068,NA,0.0407485169701243,NA,NA,0.00240786691187098,NA,53098.8766522054,NA,NA,3818.27027258856
"44","Wind River Inlet",43.1289722,-108.2248333,2023,1137005.61,"Aug",46697.1823708195,12403.9390672489,NA,6785.68431325972,1459.28694908811,0.0410703183520964,0.0109093033122756,NA,0.00596803063553901,0.00128344744850301,82370.6629126155,20833.5212911573,NA,19398.2898916467,4260.88167841445
"45","Wind River Inlet",43.1289722,-108.2248333,2023,1137005.61,"Oct",NA,NA,1419.61806138671,9558.76161333719,473.206020462237,NA,NA,0.0012485585373556,0.00840696081819437,0.000416186179118533,NA,NA,2368.21075087929,28692.1315584237,567.300093971634
"46","Fivemile Creek",43.22191667,-108.2196944,2020,108261.582,"Jan",9221.37802350401,102.459755816711,102.459755816711,7120.95302926143,NA,0.0851768268406054,0.000946409187117838,0.000946409187117838,0.0657754385046898,NA,21031.8357229414,NA,848.424367064998,15100.3877188958,NA
"47","Fivemile Creek",43.22191667,-108.2196944,2020,108261.582,"Feb",9689.66666637972,284.990196069992,56.9980392139984,6668.77058803781,28.4990196069992,0.0895023561209342,0.00263242223885101,0.000526484447770201,0.0615986803891135,0.000263242223885101,24029.4203331812,NA,1623.72784176819,15427.8037309411,733.750746825218
"48","Fivemile Creek",43.22191667,-108.2196944,2020,108261.582,"Mar",11726.3872636955,802.331760147589,246.871310814643,7097.55018592098,43.2024793925625,0.108315314140667,0.00741104780962455,0.0022803224029614,0.0655592690851402,0.000399056420518245,32900.9025535879,2215.21679301842,2611.47453343749,17325.5092510428,796.49629272772
"49","Fivemile Creek",43.22191667,-108.2196944,2020,108261.582,"Apr",7273.93210378773,1388.65976526857,132.253310977959,2691.35487840146,39.6759932933876,0.0671884889303366,0.0128268933412461,0.00122160888964248,0.0248597409042245,0.000366482666892745,35476.0288889561,7892.21764603216,NA,4827.74079884876,526.994504665205
"50","Fivemile Creek",43.22191667,-108.2196944,2020,108261.582,"May",20568.5283202363,7278.09463639131,632.87779446881,7309.73852611475,3006.16952372685,0.189989171969021,0.0672269377736538,0.00584582067596989,0.0675192288074522,0.027767648210857,NA,19717.284729414,NA,NA,6356.07213408045
"51","Fivemile Creek",43.22191667,-108.2196944,2020,108261.582,"Jun",27919.6473175279,6442.99553481413,214.766517827138,13272.5708017171,2040.28191935781,0.257890627512979,0.0595132217337645,0.00198377405779215,0.122597236771555,0.0188458535490254,NA,55144.8287034786,NA,NA,8100.43785317702
"52","Fivemile Creek",43.22191667,-108.2196944,2020,108261.582,"Jul",23543.5148575038,5564.8307845009,428.063906500069,10851.4200297767,2183.12592315035,0.217468786457451,0.0514017131626702,0.00395397793559001,0.100233340667207,0.0201652874715091,114673.356239128,21254.8900976393,3255.12930245678,32962.8628356127,9667.51557935378
"53","Fivemile Creek",43.22191667,-108.2196944,2020,108261.582,"Aug",25320.6330157698,3452.81359305952,NA,12752.3915370332,1243.01289350143,0.233883826081258,0.0318932490110806,NA,0.117792399680924,0.011481569643989,NA,5836.19275160816,NA,NA,1697.44567710414
"54","Fivemile Creek",43.22191667,-108.2196944,2020,108261.582,"Sep",26653.5716568791,3464.96431539428,NA,14766.078697911,826.260721363252,0.24619602969481,0.0320054838603253,NA,0.136392600450925,0.00763207692053911,46425.8338125885,5471.58158999416,NA,19563.6777111414,1011.47280337414
"55","Fivemile Creek",43.22191667,-108.2196944,2020,108261.582,"Oct",12656.1395720543,446.687279013682,NA,9231.5370996161,NA,0.116903331156331,0.00412599992316464,NA,0.0852706650787358,NA,NA,NA,NA,NA,NA
"56","Fivemile Creek",43.22191667,-108.2196944,2020,108261.582,"Nov",10513.88520606,221.344951706527,NA,7636.40083387519,NA,0.0971155696400229,0.00204453830821101,NA,0.0705365716332798,NA,NA,3528.50375122406,NA,NA,NA
"57","Fivemile Creek",43.22191667,-108.2196944,2020,108261.582,"Dec",10815.551193466,227.695814599285,NA,8367.82118652373,NA,0.0999020242791764,0.00210320051114056,NA,0.0772926187844154,NA,29590.9713729262,NA,NA,15060.3401463511,NA
"58","Fivemile Creek",43.22191667,-108.2196944,2021,108261.582,"Jan",11242.462841806,177.51257118641,NA,8698.11598813408,29.5854285310683,0.10384535893634,0.00163966356215273,NA,0.0803435145454837,0.000273277260358788,24508.8911473143,NA,NA,16112.2106949541,NA
"59","Fivemile Creek",43.22191667,-108.2196944,2021,108261.582,"Feb",10583.1139737113,158.746709605669,NA,7884.41991041491,NA,0.0977550279443661,0.00146632541916549,NA,0.0728274958185528,NA,24892.3239114768,1658.91613829699,NA,13620.4602424991,NA
"60","Fivemile Creek",43.22191667,-108.2196944,2021,108261.582,"Mar",6974.76267572875,325.488924867342,NA,4556.84494814278,NA,0.0644250947277747,0.00300650442062949,NA,0.0420910618888128,NA,39926.7870830225,4563.76905947022,NA,13798.3985319237,NA
"61","Fivemile Creek",43.22191667,-108.2196944,2021,108261.582,"Apr",5840.72651815488,1390.64917098926,139.064917098926,2023.39454378937,34.7662292747314,0.0539501308798063,0.0128452692570967,0.00128452692570967,0.0186898667690757,0.000321131731427418,NA,4279.33622910401,NA,NA,364.034258439636
"62","Fivemile Creek",43.22191667,-108.2196944,2021,108261.582,"May",14283.2001103376,4856.2880375148,NA,4984.83683850784,956.974407392623,0.131932305500003,0.0448569838700011,NA,0.0460443746195011,0.00883946446850021,NA,69201.6820399272,NA,NA,NA
"63","Fivemile Creek",43.22191667,-108.2196944,2021,108261.582,"Jun",23119.7719191043,4816.6191498134,NA,10095.6337380089,2273.44423871193,0.213554720815962,0.0444905668366586,NA,0.0932522280896365,0.0209995475469029,147995.632240238,60723.64287938,NA,23436.608345404,9087.24317097202
"64","Fivemile Creek",43.22191667,-108.2196944,2021,108261.582,"Jul",23079.7309480387,3077.29745973849,NA,11174.4364006754,1634.81427548608,0.213184866890627,0.0284246489187503,NA,0.103217006386212,0.0151005947380861,NA,28010.2004056896,NA,NA,2541.29336954745
"65","Fivemile Creek",43.22191667,-108.2196944,2021,108261.582,"Aug",31544.0273495598,6308.80546991196,727.939092682149,12277.9060299056,1625.73064032347,0.291368616334831,0.0582737232669661,0.0067238911461884,0.113409630665711,0.0150166902264874,51731.9984070244,11105.4881530167,NA,16101.3895505075,2157.48913930189
"66","Fivemile Creek",43.22191667,-108.2196944,2021,108261.582,"Sep",20434.0245850572,2786.45789796235,NA,9845.4845728003,835.937369388704,0.188746776165318,0.0257381967498161,NA,0.0909416285160168,0.00772145902494483,NA,4843.9920826411,NA,NA,NA
"67","Fivemile Creek",43.22191667,-108.2196944,2021,108261.582,"Oct",15021.6055479746,281.655104024524,187.770069349683,10045.698710208,NA,0.138752873091903,0.00260161637047317,0.00173441091364878,0.0927909838802098,NA,42473.5752836712,5841.34009562516,NA,14363.0789669682,NA
"68","Fivemile Creek",43.22191667,-108.2196944,2021,108261.582,"Nov",10203.2700136101,204.065400272203,NA,6611.71896881936,NA,0.0942464522050872,0.00188492904410174,NA,0.0610717010288965,NA,21142.5134799779,993.65631386938,NA,9028.60456916016,NA
"69","Fivemile Creek",43.22191667,-108.2196944,2021,108261.582,"Dec",9168.30213200156,87.3171631619196,NA,7160.00737927741,NA,0.0846865708280668,0.000806538769791112,NA,0.0661361791228712,NA,21825.8100106211,NA,NA,13872.8514528887,NA
"70","Fivemile Creek",43.22191667,-108.2196944,2022,108261.582,"Jan",6519.52468095153,102.939863383445,240.193014561372,4838.17357902193,37.7446165739299,0.0602201128092838,0.000950843886462376,0.00221863573507888,0.0446896626637317,0.000348642758369538,25185.0290340836,NA,NA,12123.6856372655,NA
"71","Fivemile Creek",43.22191667,-108.2196944,2022,108261.582,"Feb",5975.12728169204,298.756364084602,209.129454859222,3734.45455105753,29.8756364084602,0.0551915755460884,0.00275957877730442,0.00193170514411309,0.0344947347163052,0.000275957877730442,25621.4823916449,NA,NA,12128.5135903832,NA
"72","Fivemile Creek",43.22191667,-108.2196944,2022,108261.582,"Mar",6633.93431410425,390.231430241427,156.092572096571,4136.45316055912,46.8277716289712,0.0612769016630872,0.00360452362724042,0.00144180945089617,0.0382079504487485,0.000432542835268851,31870.8629761518,3836.24213913411,NA,10600.9268835002,NA
"73","Fivemile Creek",43.22191667,-108.2196944,2022,108261.582,"Apr",9123.28564618602,1197.43124106192,285.102676443313,3147.53354793418,57.0205352886626,0.0842707586351918,0.0110605370708689,0.00263346120734974,0.0290734117291412,0.000526692241469948,21944.4151437636,3827.90782385449,NA,5061.63634281823,NA
"74","Fivemile Creek",43.22191667,-108.2196944,2022,108261.582,"May",7678.16827175079,1181.25665719243,NA,1860.47923507808,221.48562322358,0.0709223727374572,0.0109111342673011,NA,0.0171850364709992,0.00204583767511896,NA,8143.6373587751,NA,NA,520.039313328225
"75","Fivemile Creek",43.22191667,-108.2196944,2022,108261.582,"Jun",20097.8596682643,5481.23445498117,NA,7978.24126225036,1583.467731439,0.185641658813597,0.0506295433127992,NA,0.0736941130441855,0.0146263125125864,NA,38801.1285624343,NA,NA,6888.6561518071
"76","Fivemile Creek",43.22191667,-108.2196944,2022,108261.582,"Jul",25098.8233199387,5019.76466398774,NA,10701.2255791375,2121.99142614027,0.231834994984081,0.0463669989968163,NA,0.0988460114977583,0.0196005950304723,NA,8923.72573535591,NA,NA,3491.77696269161
"77","Fivemile Creek",43.22191667,-108.2196944,2022,108261.582,"Aug",26348.303262364,6060.10975034373,526.966065247281,12199.2644104746,1607.24649900421,0.243376300028241,0.0559765490064955,0.00486752600056482,0.112683226913076,0.0148459543017227,46281.8893255946,11517.9533646736,NA,17434.1403095224,2449.64323559575
"78","Fivemile Creek",43.22191667,-108.2196944,2022,108261.582,"Sep",27575.3461778373,3008.2195830368,NA,10578.9055336794,1378.76730889187,0.2547103567897,0.0277865843770582,NA,0.0977161550593212,0.012735517839485,NA,4611.33827721808,NA,NA,1552.26829329367
"79","Fivemile Creek",43.22191667,-108.2196944,2022,108261.582,"Oct",17740.9348059562,443.523370148905,NA,11198.9650962599,NA,0.163871010179365,0.00409677525448413,NA,0.103443575175724,NA,30948.6219506746,1003.53956018259,NA,14263.8205684064,NA
"80","Fivemile Creek",43.22191667,-108.2196944,2022,108261.582,"Nov",10734.6546688299,NA,NA,7648.44145154132,NA,0.0991547922219529,NA,NA,0.0706477894581414,NA,NA,NA,NA,NA,NA
"81","Fivemile Creek",43.22191667,-108.2196944,2022,108261.582,"Dec",8505.39360923354,94.5043734359282,283.513120307785,6190.0364600533,NA,0.078563359708096,0.000872926218978845,0.00261877865693653,0.0571766673431143,NA,45373.1657286588,NA,NA,15536.8771531114,NA
"82","Fivemile Creek",43.22191667,-108.2196944,2023,108261.582,"Jan",7659.05999059477,191.476499764869,335.083874588521,5169.86549365147,43.0822124470956,0.0707458717035446,0.00176864679258861,0.00309513188703008,0.0477534633998926,0.000397945528332438,25258.9872042012,NA,3199.6956026941,13026.0888581391,NA
"83","Fivemile Creek",43.22191667,-108.2196944,2023,108261.582,"Feb",6343.03799675504,186.559941081031,373.119882162061,4029.69472735026,44.7743858594473,0.0585899252493376,0.00172323309556875,0.00344646619113751,0.0372218348642851,0.000413575942936501,21381.9539087817,NA,1966.49645936404,11517.1652080894,NA
"84","Fivemile Creek",43.22191667,-108.2196944,2023,108261.582,"Mar",10652.1225777498,231.567882124995,787.330799224984,5001.8662538999,97.258510492498,0.0983924526222957,0.00213896636135425,0.00727248562860446,0.0462016734052519,0.000898365871768787,58453.5187445279,6156.96929144827,4387.28799939094,14564.6033979434,NA
"85","Fivemile Creek",43.22191667,-108.2196944,2023,108261.582,"Apr",29812.4105857517,5004.22606260832,6814.26527674325,8241.00206906137,1980.39584605351,0.275373867950237,0.0462234706916468,0.0629425983886255,0.076121204926244,0.0182926926566943,76158.109807772,12187.7404205574,NA,13196.6396751643,NA
"86","Fivemile Creek",43.22191667,-108.2196944,2023,108261.582,"May",13584.1634931729,1579.55389455499,NA,6176.05572771,78.9776947277494,0.125475383254356,0.0145901608435298,NA,0.0570475288982014,0.000729508042176489,438426.86509145,144529.830457212,NA,36889.1180859283,10192.8029004832
"87","Fivemile Creek",43.22191667,-108.2196944,2023,108261.582,"Jun",24329.9358528898,11691.0081371029,NA,8025.71909952469,2211.81235026271,0.224732868330797,0.107988521145968,NA,0.0741326604623669,0.0204302607573452,24329.9358528898,11691.0081371029,NA,8025.71909952469,2211.81235026271
"88","Fivemile Creek",43.22191667,-108.2196944,2023,108261.582,"Jul",22058.8302181354,5744.48703597277,NA,7490.8110949085,1034.0076664751,0.203754922204402,0.0530611776573963,NA,0.0691917756652447,0.00955101197833133,NA,53098.8766522054,NA,NA,3818.27027258856
"89","Fivemile Creek",43.22191667,-108.2196944,2023,108261.582,"Aug",32083.1881470021,7583.29901656414,NA,11579.1142675999,2770.82079451382,0.296348783698747,0.0700460761469765,NA,0.10695497011673,0.0255937585921645,82370.6629126155,20833.5212911573,NA,19398.2898916467,4260.88167841445
"90","Fivemile Creek",43.22191667,-108.2196944,2023,108261.582,"Oct",NA,NA,888.431850627838,18131.262257711,90.6563112885549,NA,NA,0.00820634461657726,0.167476420746475,0.000837382103732373,NA,NA,2368.21075087929,28692.1315584237,567.300093971634
"91","Muddy Creek",43.2860692,-108.2756554,2020,85987.668,"Jan",681.084194975658,NA,4.00637761750387,596.950265008077,NA,0.0079207194568372,NA,4.659246739316e-05,0.00694227764158084,NA,21031.8357229414,NA,848.424367064998,15100.3877188958,NA
"92","Muddy Creek",43.2860692,-108.2756554,2020,85987.668,"Feb",669.948206498006,NA,4.46632137665337,518.093279691791,2.23316068832669,0.00779121264805095,NA,5.1941417653673e-05,0.00602520444782607,2.59707088268365e-05,24029.4203331812,NA,1623.72784176819,15427.8037309411,733.750746825218
"93","Muddy Creek",43.2860692,-108.2756554,2020,85987.668,"Mar",1028.45762300365,7.34612587859753,22.0383776357926,763.997091374143,3.67306293929876,0.0119605246534149,8.54323189529634e-05,0.00025629695685889,0.00888496117110819,4.27161594764817e-05,32900.9025535879,2215.21679301842,2611.47453343749,17325.5092510428,796.49629272772
"94","Muddy Creek",43.2860692,-108.2756554,2020,85987.668,"Apr",4411.59689906406,1745.45790354274,NA,189.890475220584,11.5085136497323,0.0513049952589023,0.0202989329067831,NA,0.00220834544810058,0.000133839118066702,35476.0288889561,7892.21764603216,NA,4827.74079884876,526.994504665205
"95","Muddy Creek",43.2860692,-108.2756554,2020,85987.668,"May",NA,533.209784134729,NA,NA,16.22812386497,NA,0.00620100296399164,NA,NA,0.000188726177164963,NA,19717.284729414,NA,NA,6356.07213408045
"96","Muddy Creek",43.2860692,-108.2756554,2020,85987.668,"Jun",3086.89619697492,1052.35097624145,NA,245.548561123005,24.5548561123005,0.0358992896164474,0.0122383941874252,NA,0.00285562531039922,0.000285562531039922,NA,55144.8287034786,NA,NA,8100.43785317702
"97","Muddy Creek",43.2860692,-108.2756554,2020,85987.668,"Jul",4400.18584911747,1701.40519499209,29.3345723274498,988.575087435057,70.4029735858794,0.0511722896022423,0.0197866186462004,0.000341148597348282,0.0114967077306371,0.000818756633635877,114673.356239128,21254.8900976393,3255.12930245678,32962.8628356127,9667.51557935378
"98","Muddy Creek",43.2860692,-108.2756554,2020,85987.668,"Aug",2286.79635021451,392.022231465345,NA,483.494085473925,16.3342596443894,0.0265944687581772,0.00455905178711608,NA,0.00562283053744317,0.000189960491129837,NA,5836.19275160816,NA,NA,1697.44567710414
"99","Muddy Creek",43.2860692,-108.2756554,2020,85987.668,"Sep",1931.20568113704,257.494090818272,NA,844.580617883933,10.2997636327309,0.0224591005437785,0.00299454673917046,NA,0.00982211330447911,0.000119781869566818,46425.8338125885,5471.58158999416,NA,19563.6777111414,1011.47280337414
"100","Muddy Creek",43.2860692,-108.2756554,2020,85987.668,"Oct",728.860899210279,NA,NA,504.736172703118,NA,0.00847634220305031,NA,NA,0.00586986697561234,NA,NA,NA,NA,NA,NA
"101","Muddy Creek",43.2860692,-108.2756554,2020,85987.668,"Nov",1030.72053000153,57.9780298125859,NA,715.062367688559,NA,0.0119868412991678,0.000674259823078187,NA,0.00831587115129764,NA,NA,3528.50375122406,NA,NA,NA
"102","Muddy Creek",43.2860692,-108.2756554,2020,85987.668,"Dec",600.852219229816,NA,NA,520.738589999174,NA,0.00698765570930259,NA,NA,0.00605596828139558,NA,29590.9713729262,NA,NA,15060.3401463511,NA
"103","Muddy Creek",43.2860692,-108.2756554,2021,85987.668,"Jan",391.863795968322,NA,NA,333.084226573074,NA,0.0045572092496836,NA,NA,0.00387362786223106,NA,24508.8911473143,NA,NA,16112.2106949541,NA
"104","Muddy Creek",43.2860692,-108.2756554,2021,85987.668,"Feb",453.622775749132,2.26811387874566,NA,381.043131629271,NA,0.00527543991248991,2.63771995624496e-05,NA,0.00443136952649153,NA,24892.3239114768,1658.91613829699,NA,13620.4602424991,NA
"105","Muddy Creek",43.2860692,-108.2756554,2021,85987.668,"Mar",868.116098941487,53.42252916563,13.3556322914075,313.857358848076,NA,0.0100958209372708,0.000621281288447431,0.000155320322111858,0.00365002756962866,NA,39926.7870830225,4563.76905947022,NA,13798.3985319237,NA
"106","Muddy Creek",43.2860692,-108.2756554,2021,85987.668,"Apr",1582.40357301734,998.131484518628,NA,370.038989382516,26.7791373895242,0.0184026804054895,0.0116078445634626,NA,0.0043033960332837,0.000311429976092899,NA,4279.33622910401,NA,NA,364.034258439636
"107","Muddy Creek",43.2860692,-108.2756554,2021,85987.668,"May",NA,201.582764044621,NA,NA,NA,NA,0.00234432179326716,NA,NA,NA,NA,69201.6820399272,NA,NA,NA
"108","Muddy Creek",43.2860692,-108.2756554,2021,85987.668,"Jun",2238.67180804779,600.056360920026,NA,115.395454023082,80.7768178161574,0.0260348008047827,0.00697840021571496,NA,0.00134200004148365,0.000939400029038552,147995.632240238,60723.64287938,NA,23436.608345404,9087.24317097202
"109","Muddy Creek",43.2860692,-108.2756554,2021,85987.668,"Jul",2068.87952657032,362.053917149806,NA,805.138949090283,77.582982246387,0.0240601888002163,0.00421053304003786,NA,0.00936342347475085,0.000902257080008112,NA,28010.2004056896,NA,NA,2541.29336954745
"110","Muddy Creek",43.2860692,-108.2756554,2021,85987.668,"Aug",5197.69252821938,2259.86631661712,NA,571.746178104131,47.4571926489595,0.0604469530237682,0.0262812839233775,NA,0.0066491648326145,0.000551906962390927,51731.9984070244,11105.4881530167,NA,16101.3895505075,2157.48913930189
"111","Muddy Creek",43.2860692,-108.2756554,2021,85987.668,"Sep",2915.64524201914,1044.77287839019,NA,1163.82839243931,21.8673393151436,0.0339077138598426,0.0121502641331103,NA,0.0135348291157205,0.000254307853948819,NA,4843.9920826411,NA,NA,NA
"112","Muddy Creek",43.2860692,-108.2756554,2021,85987.668,"Oct",1098.38529009847,11.5619504220891,NA,849.80335602355,NA,0.0127737536747533,0.000134460564997403,NA,0.00988285152730913,NA,42473.5752836712,5841.34009562516,NA,14363.0789669682,NA
"113","Muddy Creek",43.2860692,-108.2756554,2021,85987.668,"Nov",730.417007851992,4.29657063442348,NA,571.443894378323,NA,0.0084944390845905,4.99672887328853e-05,NA,0.00664564940147374,NA,21142.5134799779,993.65631386938,NA,9028.60456916016,NA
"114","Muddy Creek",43.2860692,-108.2756554,2021,85987.668,"Dec",583.37870433853,NA,NA,487.121218122673,NA,0.00678444616428638,NA,NA,0.00566501254717912,NA,21825.8100106211,NA,NA,13872.8514528887,NA
"115","Muddy Creek",43.2860692,-108.2756554,2022,85987.668,"Jan",619.101107841377,NA,8.84430154059109,527.709991921935,NA,0.00719988252084446,NA,0.000102855464583492,0.00613704272014837,NA,25185.0290340836,NA,NA,12123.6856372655,NA
"116","Muddy Creek",43.2860692,-108.2756554,2022,85987.668,"Feb",581.441384573264,NA,NA,489.094811729275,NA,0.00676191595954509,NA,NA,0.0056879646012644,NA,25621.4823916449,NA,NA,12128.5135903832,NA
"117","Muddy Creek",43.2860692,-108.2756554,2022,85987.668,"Mar",745.441414027439,17.202494169864,11.468329446576,488.550834424137,NA,0.00866916653708342,0.00020005768931731,0.000133371792878206,0.0056816383766116,NA,31870.8629761518,3836.24213913411,NA,10600.9268835002,NA
"118","Muddy Creek",43.2860692,-108.2756554,2022,85987.668,"Apr",5356.39304461845,1208.62202032416,109.874729120378,314.516412107083,NA,0.0622925725188692,0.0140557599529756,0.00127779635936142,0.00365769207867206,NA,21944.4151437636,3827.90782385449,NA,5061.63634281823,NA
"119","Muddy Creek",43.2860692,-108.2756554,2022,85987.668,"May",1321.4432656031,501.237100746004,NA,141.257728392056,11.3917522896819,0.0153678230418239,0.00582917425724354,NA,0.00164276729067772,0.000132481233119171,NA,8143.6373587751,NA,NA,520.039313328225
"120","Muddy Creek",43.2860692,-108.2756554,2022,85987.668,"Jun",1746.51466163972,264.008030247864,40.6166200381329,560.509356526235,16.2466480152532,0.0203112225539099,0.00307030108373057,0.000472354012881626,0.00651848537776643,0.00018894160515265,NA,38801.1285624343,NA,NA,6888.6561518071
"121","Muddy Creek",43.2860692,-108.2756554,2022,85987.668,"Jul",1878.25281719857,375.650563439714,NA,481.51572222727,29.0275435385233,0.021843281262129,0.0043686562524258,NA,0.00559982301447307,0.000337577983141994,NA,8923.72573535591,NA,NA,3491.77696269161
"122","Muddy Creek",43.2860692,-108.2756554,2022,85987.668,"Aug",2944.01959921313,824.325487779675,58.8803919842625,1002.92934346527,39.253594656175,0.0342376955636607,0.00958655475782498,0.000684753911273213,0.0116636416220204,0.000456502607515475,46281.8893255946,11517.9533646736,NA,17434.1403095224,2449.64323559575
"123","Muddy Creek",43.2860692,-108.2756554,2022,85987.668,"Sep",3290.90371761269,793.688543659531,NA,813.046800821959,11.6149542974566,0.0382718102974102,0.00923026013055188,NA,0.009455388426419,0.000135076977520271,NA,4611.33827721808,NA,NA,1552.26829329367
"124","Muddy Creek",43.2860692,-108.2756554,2022,85987.668,"Oct",1039.84097341092,6.93227315607279,NA,797.21141294837,NA,0.0120929081762157,8.06193878414377e-05,NA,0.00927122960176534,NA,30948.6219506746,1003.53956018259,NA,14263.8205684064,NA
"125","Muddy Creek",43.2860692,-108.2756554,2022,85987.668,"Nov",956.467573838007,NA,20.1361594492212,770.208098932711,NA,0.0111233110059225,NA,0.000234174968545736,0.00895719254687441,NA,NA,NA,NA,NA,NA
"126","Muddy Creek",43.2860692,-108.2756554,2022,85987.668,"Dec",838.555876057672,NA,NA,729.543612170175,NA,0.00975204811994287,NA,NA,0.0084842818643503,NA,45373.1657286588,NA,NA,15536.8771531114,NA
"127","Muddy Creek",43.2860692,-108.2756554,2023,85987.668,"Jan",453.029499970239,NA,6.79544249955358,385.075074974703,NA,0.00526854036755874,NA,7.90281055133811e-05,0.00447825931242493,NA,25258.9872042012,NA,3199.6956026941,13026.0888581391,NA
"128","Muddy Creek",43.2860692,-108.2756554,2023,85987.668,"Feb",412.372019348837,NA,12.1285888043776,332.323333239945,NA,0.00479571116347564,NA,0.000141050328337519,0.00386477899644802,NA,21381.9539087817,NA,1966.49645936404,11517.1652080894,NA
"129","Muddy Creek",43.2860692,-108.2756554,2023,85987.668,"Mar",1326.98370692321,10.4761871599201,219.999930358322,394.603049690323,NA,0.0154322560174932,0.000121833600138105,0.0025585056029002,0.00458906560520194,NA,58453.5187445279,6156.96929144827,4387.28799939094,14564.6033979434,NA
"130","Muddy Creek",43.2860692,-108.2756554,2023,85987.668,"Apr",1138.53788617335,45.541515446934,45.541515446934,434.92147251822,NA,0.0132407112863364,0.000529628451453458,0.000529628451453458,0.00505795171138052,NA,76158.109807772,12187.7404205574,NA,13196.6396751643,NA
"131","Muddy Creek",43.2860692,-108.2756554,2023,85987.668,"May",3672.65964894271,1598.68714130447,NA,423.436053642806,17.2831042303186,0.042711469381199,0.0185920513776984,NA,0.00492438117571471,0.000200995150029172,438426.86509145,144529.830457212,NA,36889.1180859283,10192.8029004832
"132","Muddy Creek",43.2860692,-108.2756554,2023,85987.668,"Jul",3410.32407340356,1023.09722202107,62.0058922437011,1410.6340485442,46.5044191827758,0.0396606182342747,0.0118981854702824,0.000721102149714086,0.0164050739059954,0.000540826612285564,NA,53098.8766522054,NA,NA,3818.27027258856
"133","Muddy Creek",43.2860692,-108.2756554,2023,85987.668,"Aug",3590.29239479381,846.283207344256,NA,1033.49131078708,30.7739348125184,0.0417535732541766,0.00984191369562734,NA,0.0120190643010237,0.000357887770750085,82370.6629126155,20833.5212911573,NA,19398.2898916467,4260.88167841445
"134","Muddy Creek",43.2860692,-108.2756554,2023,85987.668,"Oct",NA,NA,60.1608388647422,1002.10768737556,3.43776222084241,NA,NA,0.000699644963795764,0.0116540861112266,3.99797122169008e-05,NA,NA,2368.21075087929,28692.1315584237,567.300093971634
"135","Wind River Outlet",43.42496,-108.179,2020,1994551.299,"Jan",27764.5035580101,2379.81459068658,2379.81459068658,11661.0914943642,793.271530228859,0.013920175215313,0.00119315787559825,0.00119315787559825,0.00584647359043144,0.000397719291866084,NA,NA,NA,NA,NA
"136","Wind River Outlet",43.42496,-108.179,2020,1994551.299,"Feb",24970.6059256102,1560.66287035064,2340.99430552596,4057.72346291166,1014.43086572791,0.0125194102243094,0.000782463139019337,0.00117369470852901,0.00203440416145028,0.000508601040362569,NA,NA,NA,NA,NA
"137","Wind River Outlet",43.42496,-108.179,2020,1994551.299,"Mar",35175.8886577504,2131.87203986366,4263.74407972732,7994.52014948872,1492.31042790456,0.0176359909496368,0.00106884793634163,0.00213769587268325,0.0040081797612811,0.000748193555439138,NA,NA,NA,NA,NA
"138","Wind River Outlet",43.42496,-108.179,2020,1994551.299,"Apr",NA,4539.21388595347,1513.07129531782,NA,NA,NA,0.0022758070390214,0.000758602346340466,NA,NA,NA,NA,NA,NA,NA
"139","Wind River Outlet",43.42496,-108.179,2020,1994551.299,"May",NA,3514.40503244624,4685.87337659499,NA,1405.7620129785,NA,0.0017620028295127,0.00234933710601694,NA,0.000704801131805082,NA,NA,NA,NA,NA
"140","Wind River Outlet",43.42496,-108.179,2020,1994551.299,"Jun",34008.8917874226,3188.33360507087,NA,13603.556714969,1913.00016304252,0.0170508985176132,0.00159852173602624,NA,0.00682035940704529,0.000959113041615743,NA,NA,NA,NA,NA
"141","Wind River Outlet",43.42496,-108.179,2020,1994551.299,"Jul",NA,3112.74080071818,2075.16053381212,NA,933.822240215453,NA,0.00156062208190825,0.00104041472127216,NA,0.000468186624572474,NA,NA,NA,NA,NA
"142","Wind River Outlet",43.42496,-108.179,2020,1994551.299,"Aug",28393.0675859918,2747.7162179992,1831.81081199947,4854.29865179859,1740.2202713995,0.0142353157826661,0.00137761120477413,0.000918407469849422,0.00243377979510097,0.000872487096356951,NA,NA,NA,NA,NA
"143","Wind River Outlet",43.42496,-108.179,2020,1994551.299,"Sep",27497.5986395226,5788.96813463634,2894.48406731817,8104.55538849088,5499.51972790453,0.0137863581915938,0.00290239119823027,0.00145119559911513,0.00406334767752237,0.00275727163831875,NA,NA,NA,NA,NA
"144","Wind River Outlet",43.42496,-108.179,2020,1994551.299,"Oct",18826.9362014783,2614.85225020532,1568.91135012319,2353.36702518479,1621.2083951273,0.00943918374569634,0.00131099774245783,0.000786598645474695,0.00117989796821204,0.000812818600323852,NA,NA,NA,NA,NA
"145","Wind River Outlet",43.42496,-108.179,2020,1994551.299,"Nov",NA,521.563374256406,NA,NA,NA,NA,0.000261494088679444,NA,NA,NA,NA,NA,NA,NA,NA
"146","Wind River Outlet",43.42496,-108.179,2020,1994551.299,"Dec",NA,2827.70393902047,942.56797967349,NA,235.641994918372,NA,0.0014177143202274,0.000472571440075801,NA,0.00011814286001895,NA,NA,NA,NA,NA
"147","Wind River Outlet",43.42496,-108.179,2021,1994551.299,"Jan",NA,889.972995917054,889.972995917054,NA,400.487848162674,NA,0.000446202108897001,0.000446202108897001,NA,0.000200790949003651,NA,NA,NA,NA,NA
"148","Wind River Outlet",43.42496,-108.179,2021,1994551.299,"Feb",NA,901.300403504774,901.300403504774,NA,360.52016140191,NA,0.000451881284756454,0.000451881284756454,NA,0.000180752513902582,NA,NA,NA,NA,NA
"149","Wind River Outlet",43.42496,-108.179,2021,1994551.299,"Mar",12253.0128846672,907.630584049425,NA,3131.32551497052,272.289175214828,0.00614324278889717,0.000455055021399791,NA,0.00156993982382928,0.000136516506419937,NA,NA,NA,NA,NA
"150","Wind River Outlet",43.42496,-108.179,2021,1994551.299,"Apr",NA,1390.61580751426,NA,NA,185.415441001902,NA,0.000697207340924985,NA,NA,9.2960978789998e-05,NA,NA,NA,NA,NA
"151","Wind River Outlet",43.42496,-108.179,2021,1994551.299,"Jun",NA,1940.35967606356,2910.53951409533,NA,1164.21580563813,NA,0.000972830168387439,0.00145924525258116,NA,0.000583698101032463,NA,NA,NA,NA,NA
"152","Wind River Outlet",43.42496,-108.179,2021,1994551.299,"Jul",30200.977803131,2664.79215909979,NA,7194.93882956944,2220.66013258316,0.0151417403093481,0.00133603590964836,NA,0.00360729695605058,0.0011133632580403,NA,NA,NA,NA,NA
"153","Wind River Outlet",43.42496,-108.179,2021,1994551.299,"Aug",25219.4095369375,1681.29396912916,NA,6472.98178114728,1933.48806449854,0.0126441518699377,0.000842943457995845,NA,0.003245332313284,0.000969384976695222,NA,NA,NA,NA,NA
"154","Wind River Outlet",43.42496,-108.179,2021,1994551.299,"Sep",27004.8733714285,6354.08785210083,4765.56588907562,3415.32222050419,4606.7136927731,0.0135393225458617,0.00318572295196747,0.0023892922139756,0.00171232608668251,0.00230964914017641,NA,NA,NA,NA,NA
"155","Wind River Outlet",43.42496,-108.179,2021,1994551.299,"Oct",23473.2280699491,2934.15350874363,2934.15350874363,4166.49798241596,2699.42122804414,0.0117686760334105,0.00147108450417631,0.00147108450417631,0.00208893999593036,0.00135339774384221,NA,NA,NA,NA,NA
"156","Wind River Outlet",43.42496,-108.179,2021,1994551.299,"Nov",20150.2557034469,2583.36611582652,2583.36611582652,3151.70666130835,2066.69289266122,0.0101026510140649,0.00129521166846986,0.00129521166846986,0.00158015823553323,0.00103616933477589,NA,NA,NA,NA,NA
"157","Wind River Outlet",43.42496,-108.179,2021,1994551.299,"Dec",19166.9320325767,2590.12595034821,2072.10076027857,3056.34862141088,1450.470532195,0.00960964606033767,0.00129860081896455,0.00103888065517164,0.00153234896637817,0.000727216458620148,NA,NA,NA,NA,NA
"158","Wind River Outlet",43.42496,-108.179,2022,1994551.299,"Jan",NA,1045.58142754333,NA,NA,NA,NA,0.000524218869711473,NA,NA,NA,NA,NA,NA,NA,NA
"159","Wind River Outlet",43.42496,-108.179,2022,1994551.299,"Feb",NA,1061.08325897026,NA,NA,NA,NA,0.000531990959321152,NA,NA,NA,NA,NA,NA,NA,NA
"160","Wind River Outlet",43.42496,-108.179,2022,1994551.299,"Mar",NA,530.084868006163,NA,NA,NA,NA,0.000265766475032219,NA,NA,NA,NA,NA,NA,NA,NA
"161","Wind River Outlet",43.42496,-108.179,2022,1994551.299,"Apr",17397.9287644287,1122.44701705992,1683.67052558988,2357.13873582583,617.345859382954,0.00872272815101394,0.000562756654904125,0.000844134982356187,0.00118178897529866,0.000309516160197269,NA,NA,NA,NA,NA
"162","Wind River Outlet",43.42496,-108.179,2022,1994551.299,"May",NA,2749.0728819559,NA,NA,NA,NA,0.00137829138981494,NA,NA,NA,NA,NA,NA,NA,NA
"163","Wind River Outlet",43.42496,-108.179,2022,1994551.299,"Jun",NA,1889.92278382138,NA,NA,NA,NA,0.000947542830695266,NA,NA,NA,NA,NA,NA,NA,NA
"164","Wind River Outlet",43.42496,-108.179,2022,1994551.299,"Jul",NA,18136.2395328553,NA,NA,906.811976642765,NA,0.00909289199127052,NA,NA,0.000454644599563526,NA,NA,NA,NA,NA
"165","Wind River Outlet",43.42496,-108.179,2022,1994551.299,"Aug",24404.1345568983,2614.72870252482,2614.72870252482,5055.14215821465,1568.83722151489,0.0122354007987329,0.00131093579986424,0.00131093579986424,0.00253447587973752,0.000786561479918542,NA,NA,NA,NA,NA
"166","Wind River Outlet",43.42496,-108.179,2022,1994551.299,"Sep",36013.4555890378,3273.95050809434,1636.97525404717,4829.07699943916,2291.76535566604,0.0180559184449624,0.00164144713136022,0.000820723565680108,0.00242113451875632,0.00114901299195215,NA,NA,NA,NA,NA
"167","Wind River Outlet",43.42496,-108.179,2022,1994551.299,"Oct",26144.8370363351,2681.52174731642,1340.76087365821,5094.8913199012,1541.87500470694,0.0131081296577547,0.00134442355464151,0.000672211777320755,0.00255440475381887,0.000773043543918869,NA,NA,NA,NA,NA
"168","Wind River Outlet",43.42496,-108.179,2022,1994551.299,"Nov",NA,1340.57940099978,NA,NA,NA,NA,0.000672120793118683,NA,NA,NA,NA,NA,NA,NA,NA
"169","Wind River Outlet",43.42496,-108.179,2023,1994551.299,"Feb",NA,690.103307967972,NA,NA,NA,NA,0.000345994263629101,NA,NA,NA,NA,NA,NA,NA,NA
"170","Wind River Outlet",43.42496,-108.179,2023,1994551.299,"Mar",NA,757.509661884027,1515.01932376805,NA,NA,NA,0.000379789510685344,0.000759579021370688,NA,NA,NA,NA,NA,NA,NA
"171","Wind River Outlet",43.42496,-108.179,2023,1994551.299,"Apr",NA,78391.7138403991,3919.58569201996,NA,NA,NA,0.0393029318823246,0.00196514659411623,NA,NA,NA,NA,NA,NA,NA
"172","Wind River Outlet",43.42496,-108.179,2023,1994551.299,"May",NA,1775.80794471643,7103.23177886571,NA,NA,NA,0.000890329542091375,0.0035613181683655,NA,NA,NA,NA,NA,NA,NA
"173","Wind River Outlet",43.42496,-108.179,2023,1994551.299,"Jun",NA,20551.0671281059,16440.8537024847,NA,4110.21342562118,NA,0.0103036041932887,0.008242883354631,NA,0.00206072083865775,NA,NA,NA,NA,NA
"174","Wind River Outlet",43.42496,-108.179,2023,1994551.299,"Jul",NA,13938.3465268737,10453.7598951553,NA,5575.33861074947,NA,0.00698821160120669,0.00524115870090502,NA,0.00279528464048268,NA,NA,NA,NA,NA
"175","Wind River Outlet",43.42496,-108.179,2023,1994551.299,"Aug",43730.0254277504,5466.2531784688,NA,12299.0696515548,2733.1265892344,0.021924743399518,0.00274059292493975,NA,0.00616633408111445,0.00137029646246988,NA,NA,NA,NA,NA
"176","Wind River Outlet",43.42496,-108.179,2023,1994551.299,"Oct",NA,NA,10099.5358602683,11151.5708457129,946.831486900151,NA,NA,0.00506356285011663,0.00559101731367045,0.000474709017198435,NA,NA,NA,NA,NA
